0,89,65,98,90,78,6,75,5,28,83,7,93,1000000,96,54,53,49,63,1000000,66,12,52,69,69,10,47,1000000,45,94,6,35,43,61,8,89,31,21,66,2,47,47,56,41,4,70,78,1000000,17,45,68,1000000,76,84,61,21,70,6,61,31,85,56,39,95,47,67,47,35,4,9,57,1000000,97,7,93,83,57,14,82,1,10,67,68,29,1,92,97,61,47,53,26,91,30,24,55,45,25,11,51,46,70,79,18,76,56,38,47,29,29,11,83,16,94,49,28,31,71,42,47,26,35,90,8,41,80,1,47,32,17,88,9,36,96,48,94,74,1000000,67,21,1000000,5,76,5,80,89,26,16,19,98,1000000,94,1,48,95,77,60,10,50,41,34,43,29,75,52,6,100,78,1000000,41,31,70,22,92,24,96,74,1000000,36,54,7,1000000,41,79,33,38,14,62,83,63,63,17,27,90,1000000,76,67,45,55,51,1000000
78,0,81,13,98,35,97,97,21,14,64,32,63,99,25,5,21,99,94,35,1,83,74,27,1000000,95,16,89,58,45,1000000,64,79,59,81,26,34,30,80,85,14,26,85,6,10,78,78,47,81,32,64,47,93,95,1000000,77,97,20,33,9,38,96,69,66,74,96,71,25,87,56,63,94,72,97,97,58,36,22,42,49,45,1000000,84,96,28,79,59,9,96,66,63,50,62,53,91,21,41,17,70,29,18,8,28,54,76,51,65,78,52,32,50,6,87,1000000,19,97,10,66,6,26,15,64,2,4,34,25,85,1000000,1000000,34,3,68,73,7,81,26,51,38,20,22,87,96,11,73,12,31,19,80,37,75,6,99,94,31,54,44,51,54,10,97,83,91,58,89,65,1000000,63,31,6,65,72,13,58,59,86,17,98,69,28,56,44,7,20,40,11,79,57,3,18,44,15,81,60,92,90,100,1000000,100,65,8
93,99,0,1,76,33,25,38,73,1000000,5,1000000,6,11,84,10,52,38,15,73,52,1000000,4,97,1000000,68,27,46,89,51,8,52,54,38,5,30,89,44,37,42,9,32,58,86,49,3,50,81,100,16,39,14,59,9,91,15,1000000,89,76,95,1000000,23,65,57,25,33,59,71,76,10,56,9,44,24,66,1,17,11,20,31,60,66,11,57,20,82,62,41,80,13,74,46,9,24,56,53,78,6,72,19,90,16,47,26,6,4,73,98,86,49,74,7,32,72,9,63,82,100,83,6,88,65,70,39,67,26,93,45,26,32,33,76,79,72,50,58,27,33,48,69,13,83,53,100,25,71,10,2,89,12,1000000,7,1000000,77,68,64,60,71,1000000,11,99,1000000,95,1000000,24,52,33,29,86,71,45,87,38,21,30,4,99,20,68,16,44,78,35,84,62,99,93,98,21,90,62,11,71,68,22,57,11,46,57,97
67,43,92,0,76,92,22,66,31,32,21,1,30,40,19,14,49,4,35,14,1000000,41,26,65,27,57,6,76,62,5,99,91,96,24,100,42,88,11,50,96,97,77,48,1000000,25,43,22,100,47,45,48,12,9,59,52,56,57,65,68,89,23,44,2,31,49,76,28,80,1,53,46,1000000,1000000,63,94,23,68,8,43,68,84,91,10,56,15,5,4,15,78,64,37,8,66,9,43,42,1000000,48,11,33,1000000,74,29,2,50,36,69,53,65,36,30,87,39,67,15,72,85,68,35,53,64,38,86,48,1000000,1,95,98,1000000,85,43,98,21,79,61,24,19,93,79,61,7,21,44,66,25,66,56,83,95,1000000,7,13,4,40,36,5,53,62,37,17,79,54,19,38,87,59,51,64,81,54,33,17,93,97,84,10,7,12,1,54,7,36,60,86,60,48,40,25,8,1000000,85,54,57,11,89,5,85,28,66,41
72,19,1000000,50,0,36,93,15,52,86,47,1000000,47,1,17,64,72,68,69,43,77,80,92,48,96,63,68,63,86,1000000,54,89,1000000,95,36,90,10,12,3,67,25,68,52,52,69,21,93,7,55,27,1,42,52,5,4,1000000,24,55,47,82,4,10,48,48,78,59,78,13,29,8,98,47,99,95,35,59,35,67,24,43,98,75,63,51,1000000,1000000,86,54,27,12,55,85,51,72,83,75,1000000,10,63,35,94,67,41,71,23,93,45,75,50,34,9,3,64,6,3,76,9,30,65,68,39,45,1000000,53,77,8,88,82,23,41,36,48,47,57,31,66,1000000,13,30,39,35,5,93,41,74,17,66,78,2,28,16,77,70,38,16,87,85,79,1000000,7,72,26,19,35,24,1000000,59,1000000,41,78,58,5,3,1000000,34,77,54,84,21,79,24,67,98,59,78,1000000,42,72,89,70,68,55,83,19,61,11,63,13,45,52
91,98,35,58,70,0,66,10,66,55,88,14,1000000,28,98,1,30,76,59,64,4,89,83,71,42,88,7,37,15,73,27,13,61,55,42,21,2,86,86,72,84,56,76,90,21,10,48,42,9,23,12,50,1000000,46,49,83,95,99,65,75,75,78,38,1000000,96,12,9,7,95,14,88,28,61,74,5,100,83,58,76,49,80,10,1000000,14,59,1,16,45,69,74,1000000,2,14,28,44,26,66,95,42,7,80,93,42,6,84,29,91,81,77,64,26,1000000,19,88,1000000,36,14,18,5,23,39,18,73,55,6,4,96,58,86,48,18,49,80,89,58,61,49,26,39,34,90,36,93,22,37,74,5,1000000,56,38,21,9,41,47,59,11,68,77,52,100,92,27,33,70,39,18,43,6,19,45,62,65,100,3,100,99,28,74,97,60,15,88,17,98,35,92,86,69,72,44,15,3,50,82,27,32,91,93,64,68
46,46,28,31,1,68,0,45,1,61,80,56,78,28,76,1000000,32,53,53,67,1000000,62,1000000,56,58,94,85,23,99,84,3,44,11,61,90,9,20,75,92,36,14,71,32,81,24,38,92,97,26,32,32,39,33,33,60,22,81,26,35,90,78,66,43,22,1000000,97,19,74,53,1000000,46,16,75,37,70,85,86,26,88,91,84,25,1000000,57,100,71,53,99,65,57,64,45,54,8,9,95,52,12,65,52,40,2,24,83,27,35,9,19,22,45,99,92,29,87,30,92,13,47,17,42,46,5,59,10,26,61,66,94,81,10,35,44,41,78,4,65,43,18,93,67,53,33,59,85,10,74,79,74,33,1000000,48,54,30,98,55,53,33,10,25,56,76,96,44,26,1,19,1000000,26,26,74,97,39,4,63,6,25,85,81,21,62,66,7,59,39,55,95,88,13,25,44,40,35,43,25,23,10,3,87,41,17
48,28,72,6,34,48,94,0,50,73,20,1000000,90,54,87,58,95,33,82,63,14,66,1000000,80,43,80,86,42,56,87,34,87,81,71,60,58,59,65,3,81,88,48,1000000,14,85,1,99,51,16,64,69,17,52,72,1000000,61,48,11,65,81,15,20,67,44,8,12,94,61,93,17,9,15,22,26,11,1000000,68,81,29,7,5,51,89,37,73,35,27,12,36,55,15,25,87,58,81,3,46,23,55,84,89,60,86,46,75,43,3,72,43,1000000,74,98,67,39,51,1,10,56,33,27,76,77,42,6,81,91,88,24,13,76,60,10,51,76,76,16,42,23,93,49,64,40,95,30,93,67,76,86,3,41,72,15,46,99,50,62,94,21,87,63,61,99,64,24,27,42,34,1000000,55,87,34,14,30,43,80,51,69,51,38,46,51,25,61,80,5,28,39,35,98,6,21,59,49,36,47,43,90,3,64,59
1000000,67,77,97,7,17,90,48,0,94,17,76,92,80,10,53,18,11,36,1000000,66,61,93,28,25,13,76,12,26,65,83,74,2,55,88,60,37,96,9,29,69,94,70,10,13,60,98,89,96,79,35,47,99,47,61,1000000,1000000,89,1000000,45,1000000,66,11,38,6,46,11,44,55,89,25,36,88,33,75,23,86,37,77,26,36,79,73,72,38,92,90,91,58,5,1000000,19,77,52,16,47,22,2,1,66,15,20,66,50,44,83,77,5,92,88,31,39,1,53,38,5,46,91,15,73,58,42,95,88,1000000,66,21,73,51,74,99,20,73,21,26,17,25,25,1000000,83,81,59,70,84,32,11,1000000,95,22,75,60,68,54,57,20,78,6,39,100,14,96,20,45,100,41,27,35,62,42,15,55,4,28,17,53,89,97,2,100,57,71,46,59,94,3,24,2,6,60,17,64,16,51,66,58,59,73,54,81,49
33,26,30,1000000,84,3,61,1000000,7,0,1000000,99,2,84,77,61,1000000,15,80,70,35,72,75,70,82,80,96,97,11,73,71,78,45,3,1000000,51,74,99,96,48,89,40,21,100,64,58,63,95,55,89,49,44,56,33,13,43,57,12,89,23,67,32,37,90,96,49,46,27,97,7,9,23,3,1000000,17,15,77,7,17,68,98,30,48,2,56,82,4,81,1000000,70,40,53,19,50,82,4,93,69,54,82,12,2,25,1000000,13,1000000,90,10,90,72,30,93,81,4,15,27,75,86,73,44,68,75,7,26,28,91,38,1000000,45,78,14,77,65,13,44,18,96,86,76,43,30,95,27,10,36,51,56,41,49,40,4,11,39,67,48,57,53,47,80,34,12,82,53,1000000,77,75,28,43,91,32,1000000,59,34,34,97,62,48,70,1000000,37,13,79,20,12,11,66,26,48,45,41,49,14,38,90,55,4,28,10,23,83
2,12,90,65,89,48,14,67,3,53,0,37,20,79,20,59,4,7,8,10,98,67,66,92,97,45,4,94,71,97,14,87,82,24,21,90,54,16,79,42,36,1000000,43,82,11,57,1,33,53,70,6,66,66,79,62,10,9,41,31,40,53,20,92,46,100,62,3,84,58,61,37,3,16,91,89,58,21,5,47,69,57,63,64,18,65,34,10,62,51,72,53,74,62,70,59,83,65,13,5,94,83,25,77,49,89,1,30,76,29,16,92,49,1,49,31,57,55,14,23,54,16,22,21,32,1000000,42,32,58,59,15,12,30,85,84,31,8,100,14,74,43,3,94,9,34,61,22,81,6,60,20,81,32,21,65,74,35,83,70,17,79,67,91,61,40,46,98,95,36,57,81,35,18,25,13,12,80,31,73,64,39,39,86,1000000,25,49,1000000,57,53,51,14,93,80,80,48,39,70,55,17,11,37
16,21,5,9,30,37,48,27,97,22,31,0,98,78,12,44,84,36,73,34,21,77,68,86,60,27,40,94,78,21,47,1,62,28,86,2,30,6,11,4,3,39,81,2,54,85,67,14,38,30,7,41,18,1000000,1,25,82,11,73,78,95,12,3,72,51,38,96,45,20,89,54,67,45,38,37,71,3,38,98,50,56,28,61,31,47,71,89,96,11,87,48,48,57,41,63,80,10,79,43,46,52,68,73,97,1000000,22,19,1000000,30,76,91,64,33,52,70,92,81,36,43,31,66,63,22,22,8,13,96,10,86,1000000,96,46,25,39,23,8,67,27,78,18,12,15,57,44,28,51,96,31,12,36,19,6,77,1000000,61,57,36,37,78,53,44,70,48,42,99,23,51,76,39,58,17,77,99,54,10,91,1000000,55,1000000,6,40,31,80,70,45,8,71,54,95,47,50,89,21,48,86,40,6,38,65,33
6,80,11,88,35,33,42,85,18,14,31,54,0,77,98,53,95,84,99,65,58,23,74,90,9,20,87,33,22,97,37,27,20,68,99,61,67,71,18,78,76,82,6,13,1000000,66,1000000,6,67,94,90,59,8,13,26,47,77,70,97,9,52,89,92,1000000,81,38,41,48,30,40,75,72,57,9,1000000,76,2,11,67,39,52,80,35,66,29,53,18,66,60,29,9,23,1,34,29,91,90,1000000,40,10,86,81,79,71,65,30,82,91,12,59,79,25,73,92,6,82,9,1000000,38,2,18,89,1000000,97,38,69,29,14,17,74,20,29,90,98,73,63,21,17,36,59,87,1000000,66,29,9,29,37,66,36,36,85,1000000,30,7,1000000,53,61,65,97,62,40,95,81,58,92,18,80,8,63,1000000,40,42,14,51,85,49,90,90,38,19,16,50,99,57,32,34,83,51,38,7,97,81,7,44,71,65,37,60,40,10
18,7,80,3,81,58,13,71,57,28,8,53,71,0,89,39,1000000,79,77,82,71,89,15,69,89,39,63,49,68,14,47,89,31,68,90,68,85,7,66,14,33,41,78,15,80,90,78,13,67,92,23,1000000,1,90,24,25,32,45,15,9,4,21,88,84,1000000,66,99,21,44,12,71,19,34,97,36,43,36,14,15,37,61,50,77,92,83,15,51,68,6,45,10,40,34,7,38,22,21,45,37,88,1000000,58,1000000,19,50,50,86,10,19,40,3,93,4,86,40,46,83,38,1000000,3,14,38,48,66,84,27,92,12,40,81,26,75,57,63,1000000,89,93,32,15,89,79,74,76,25,52,56,15,56,3,52,91,75,24,86,68,6,98,67,42,95,45,6,67,1000000,34,16,92,77,30,14,74,31,49,38,1000000,68,10,92,53,69,3,61,77,97,73,3,77,77,88,77,88,21,70,98,30,65,84,82,87,81
85,18,68,48,12,48,62,67,19,36,43,52,81,74,0,22,7,57,9,61,57,91,95,49,35,8,81,86,81,64,28,69,100,93,16,75,74,1000000,38,94,43,74,82,1000000,43,76,79,35,43,22,61,66,10,7,48,25,36,87,41,64,48,90,89,29,71,73,63,3,22,19,69,54,30,89,73,30,36,1000000,18,89,92,81,64,54,75,90,89,21,16,74,33,47,18,15,7,65,39,53,3,98,39,51,87,76,93,63,85,56,93,31,47,35,52,61,79,50,43,93,24,53,15,5,43,41,11,98,44,7,97,6,98,68,41,67,74,2,13,33,66,71,72,46,48,38,40,15,74,59,47,88,41,73,54,48,49,47,12,83,72,55,100,89,76,63,82,20,29,80,6,88,69,71,42,64,1,27,48,78,84,61,17,1,58,39,54,38,4,98,76,62,2,60,49,40,70,42,17,1000000,48,12
100,71,34,22,47,6,18,29,88,28,49,22,1,22,5,0,97,85,1000000,71,17,31,5,41,24,100,70,95,42,87,80,85,19,96,1,13,27,8,76,86,59,25,41,48,15,39,45,67,27,93,13,94,35,93,84,15,20,94,5,62,91,34,69,1000000,1000000,26,65,57,66,20,17,53,52,22,3,32,8,91,9,11,63,75,86,76,46,7,56,1000000,24,1000000,74,70,47,87,32,1000000,4,34,25,26,90,5,36,84,10,17,99,45,1000000,6,35,91,92,31,68,7,70,67,25,36,13,77,100,39,86,35,40,11,25,90,95,94,22,9,20,18,9,69,92,44,81,1000000,64,5,41,70,5,40,93,92,1000000,53,98,30,36,39,62,84,34,5,24,93,51,77,88,1,66,79,62,99,94,84,28,88,97,75,18,41,1000000,90,33,9,75,95,48,49,44,57,73,23,97,86,5,42,10,7,82,34,32,51
33,20,8,66,48,87,77,1000000,22,79,90,33,24,91,41,83,0,18,18,77,62,26,65,63,26,10,32,89,55,24,78,84,40,25,80,69,20,50,14,50,33,46,14,13,2,71,52,25,45,91,15,21,28,23,14,26,29,1000000,31,24,98,72,68,99,75,10,74,5,1000000,1000000,70,2,30,26,53,34,30,7,79,97,80,5,75,66,75,11,35,93,76,100,81,93,35,2,96,60,20,65,28,38,7,94,3,56,67,1000000,58,24,66,80,19,35,10,16,21,52,68,99,54,40,71,24,18,80,48,32,34,28,98,16,53,98,73,40,53,14,46,1000000,36,1000000,82,52,1000000,13,32,1,3,85,92,84,21,95,39,64,98,57,94,23,78,46,12,15,76,79,25,34,1000000,29,49,53,26,29,69,1000000,49,81,82,100,1000000,44,1000000,69,82,99,85,77,5,11,87,11,8,40,3,70,38,39,33,62,42,52
29,12,95,30,67,35,54,7,1,32,89,76,49,20,89,20,11,0,77,90,38,63,50,93,49,56,17,13,32,43,51,27,6,21,76,42,13,85,14,27,10,48,99,26,97,15,3,80,91,40,69,65,25,1000000,58,13,54,1000000,30,86,46,92,71,43,23,38,76,60,81,78,75,69,37,35,20,73,61,49,98,1,58,98,29,57,31,51,82,73,71,30,100,32,37,75,68,55,40,26,8,2,44,98,94,33,16,11,15,23,77,87,59,43,92,97,1000000,26,15,63,12,92,89,40,58,34,56,53,78,1000000,91,6,73,75,75,34,16,85,46,33,54,82,53,1000000,100,19,64,87,14,63,78,76,59,26,14,52,12,50,12,1000000,88,11,55,99,61,38,90,8,14,7,95,29,56,71,24,35,57,57,73,69,30,3,35,29,40,26,7,58,71,29,54,95,87,71,96,1000000,54,3,80,74,32,67
31,69,1000000,85,58,5,21,49,46,100,91,14,3,26,68,87,87,54,0,20,36,77,98,71,74,34,99,50,98,77,40,7,28,61,1,76,99,61,41,4,33,79,60,6,15,19,31,5,52,17,90,13,9,76,52,34,44,54,79,4,15,72,23,17,84,86,1000000,12,97,36,21,63,72,93,1,27,15,71,7,11,1000000,37,57,73,26,79,78,65,56,25,29,16,28,40,95,63,78,41,98,65,95,73,9,48,42,76,75,9,44,53,47,1,42,60,69,74,77,83,90,99,41,81,24,16,58,27,56,70,34,23,28,25,46,48,33,48,52,1000000,39,81,1000000,7,1000000,11,26,68,28,22,8,74,41,77,18,32,95,47,3,25,82,57,54,41,13,3,93,85,31,44,73,34,86,88,2,66,11,69,79,38,36,1000000,67,10,77,78,50,1000000,79,6,89,78,29,30,90,32,22,1000000,65,56,96,100
93,66,61,68,1000000,78,1000000,91,52,92,23,33,93,6,67,1000000,59,99,81,0,27,86,20,89,97,57,88,65,1000000,68,75,80,86,22,1000000,85,30,1000000,7,14,86,65,27,24,86,57,68,1000000,89,25,2,6,4,55,73,90,1000000,87,11,64,59,93,11,66,83,25,77,59,31,84,40,43,6,4,88,25,71,8,51,90,1000000,44,21,7,67,6,81,10,44,72,62,93,58,93,90,95,92,80,17,68,13,30,20,71,76,8,2,96,43,88,84,90,45,12,98,75,45,55,91,57,38,2,73,1000000,46,13,99,7,78,38,32,75,73,73,73,7,89,59,16,65,26,69,19,89,37,71,1000000,82,49,94,17,42,1,46,33,91,61,1000000,87,97,83,1000000,1,27,43,88,77,35,64,16,1000000,23,97,65,31,25,31,90,53,15,57,69,59,7,1000000,62,8,24,25,77,64,94,23,31,59,42,91,1000000,79,15
54,100,36,1,16,52,90,84,1,57,25,95,10,36,70,94,12,50,92,24,0,39,45,23,90,12,7,44,37,1000000,73,78,5,7,87,81,7,70,49,51,60,36,89,1000000,1000000,40,78,57,71,80,8,68,49,27,9,59,57,49,74,66,88,91,49,4,67,90,1000000,45,41,38,70,93,7,65,81,86,15,82,51,39,66,24,33,65,81,90,35,73,72,49,19,83,92,94,33,24,15,61,78,1000000,62,3,1000000,14,54,1000000,16,53,2,51,92,47,61,80,69,15,11,20,100,35,35,89,72,28,82,39,36,30,8,68,58,55,7,81,68,70,13,32,93,18,56,27,50,4,50,39,59,54,73,31,61,92,14,10,4,21,32,90,36,34,43,60,43,62,69,90,78,11,78,8,78,54,13,22,73,46,9,59,94,88,40,9,56,1,14,23,19,11,77,57,1000000,1000000,92,48,90,23,57,80,1,79
5,31,43,17,31,11,26,63,53,61,74,100,50,38,38,81,70,100,20,51,57,0,33,67,49,41,69,92,97,66,52,31,72,90,79,92,100,58,56,27,82,9,1000000,70,61,68,21,16,75,23,24,48,28,47,53,14,71,93,71,40,22,87,98,97,20,67,93,18,42,51,1000000,58,1000000,63,91,43,62,1000000,35,50,94,94,63,82,56,27,1000000,30,46,6,31,64,66,44,74,46,73,1000000,16,1000000,41,21,87,1000000,42,11,52,71,51,51,31,1000000,2,88,53,1,16,39,91,66,56,53,70,95,39,76,6,68,85,48,82,44,57,63,89,83,91,8,20,74,50,42,21,86,21,1000000,12,38,70,82,28,83,34,90,23,10,58,84,94,16,91,4,8,47,57,86,99,21,33,54,72,54,26,95,84,73,58,23,12,75,32,72,86,44,51,97,1000000,1000000,83,90,25,81,80,60,60,3,27,47,70,52
14,39,94,62,63,60,46,31,51,91,67,26,73,64,14,17,13,43,36,24,96,65,0,2,37,43,64,61,1000000,54,99,69,1000000,53,67,66,37,7,38,24,16,1000000,87,90,62,63,56,66,62,67,89,55,33,21,56,87,30,55,1000000,27,58,51,91,99,66,72,5,100,57,37,69,36,51,5,46,68,13,36,1,13,80,32,29,71,69,16,8,70,1000000,90,95,55,97,65,79,80,16,33,72,17,84,1000000,92,96,57,56,24,79,10,7,6,48,28,3,63,46,30,63,86,75,71,74,42,29,28,32,25,72,4,92,84,27,1000000,45,92,68,41,64,95,8,17,36,17,84,32,52,1000000,38,32,9,23,30,64,86,73,92,83,8,11,8,79,89,19,52,40,16,55,40,64,80,6,25,93,12,100,22,15,37,47,51,1000000,59,95,28,89,45,87,1000000,22,92,60,82,58,73,53,24,22,67,20,75
5,4,68,68,30,1,71,74,10,13,55,57,79,88,52,31,46,52,92,18,39,66,14,0,27,78,54,13,32,1000000,1000000,76,24,89,57,92,53,34,17,19,1000000,33,88,51,61,28,6,62,91,95,17,85,100,55,64,17,26,74,42,51,83,72,31,1000000,27,51,89,77,50,7,88,15,35,97,8,63,14,62,99,85,17,29,47,1000000,64,40,79,66,3,62,46,17,70,93,10,96,50,71,9,89,78,52,86,68,56,66,2,87,75,22,52,20,16,42,19,53,1000000,21,45,21,30,37,14,11,2,50,39,83,20,58,29,90,97,66,87,92,70,10,22,61,1000000,58,1,14,60,43,35,1000000,25,12,32,1,38,98,23,61,20,55,26,98,73,34,96,45,12,11,1000000,47,49,22,5,68,86,67,69,93,75,47,17,1000000,37,92,72,72,79,85,57,64,19,75,19,72,1000000,50,9,30,19,58,28,82
8,72,66,54,75,42,51,31,30,24,55,71,77,1000000,1000000,54,89,70,13,64,10,17,8,80,0,24,46,89,51,62,20,96,48,73,20,73,11,38,1000000,93,91,18,74,23,9,23,10,11,54,97,61,54,41,34,24,1000000,59,92,73,30,32,1,76,94,13,42,27,27,47,93,34,93,45,19,96,3,35,71,87,19,71,57,14,57,45,94,42,62,85,27,95,45,4,41,15,31,68,24,28,15,97,45,81,1000000,17,35,83,19,27,1000000,1000000,82,8,74,8,63,72,35,9,38,41,49,37,16,36,33,14,76,38,68,1000000,40,81,99,6,24,80,93,7,72,1000000,62,57,91,74,16,45,17,55,61,23,56,50,87,32,86,33,25,1000000,87,75,58,16,90,89,62,30,77,77,1000000,1000000,1000000,68,65,51,85,44,12,63,89,60,42,45,99,1,73,1000000,85,3,41,4,53,10,53,17,40,70,64,40,31
75,14,87,91,76,43,12,21,1000000,86,43,1,62,52,51,22,99,43,86,96,76,55,94,15,65,0,72,24,42,40,16,11,18,73,64,69,48,81,4,37,1000000,1000000,56,10,23,14,62,99,66,13,2,73,8,16,25,46,77,14,13,78,24,91,15,81,61,25,7,1000000,64,7,100,19,66,61,48,88,42,14,90,43,81,84,27,15,33,62,77,40,97,75,73,1000000,42,70,82,86,41,75,69,71,77,78,19,45,27,75,72,6,96,83,100,69,64,30,4,66,4,20,27,9,56,29,5,78,60,81,1000000,42,42,56,10,87,52,73,84,88,14,54,6,8,32,76,53,19,1,40,35,48,42,35,61,32,43,83,94,40,3,32,67,91,83,6,74,55,57,70,28,46,89,98,77,97,59,68,36,47,86,73,46,99,26,58,62,90,17,37,11,12,99,18,34,50,66,89,72,66,14,76,82,31
72,98,31,83,88,61,28,41,35,53,97,78,18,32,4,3,49,19,60,39,16,47,24,87,52,29,0,35,41,35,52,57,43,31,77,5,100,13,29,9,71,27,1000000,45,11,92,69,60,37,30,62,42,1,15,6,96,13,11,96,22,69,13,18,44,1000000,31,65,17,17,85,1000000,40,5,36,55,91,17,1000000,73,46,88,64,98,26,96,1000000,93,86,1000000,21,29,92,35,21,73,47,20,78,94,66,85,84,49,48,97,47,1000000,65,49,64,54,57,32,38,1000000,7,68,97,2,64,1000000,20,72,1000000,6,43,51,88,52,22,13,29,17,1000000,53,1,100,88,30,82,92,96,62,75,93,66,37,70,18,97,34,97,3,95,90,71,17,1000000,4,31,100,66,25,54,88,94,26,35,98,2,100,50,98,56,88,35,27,77,31,8,76,29,97,10,16,86,77,68,43,39,31,64,45,57,77,75,83,81,47,46
5,84,29,3,55,67,39,89,26,10,3,97,36,69,74,36,12,96,90,11,2,29,56,58,8,54,53,0,62,97,50,29,1000000,68,40,50,23,18,79,68,7,16,54,100,87,45,62,6,88,85,57,52,25,25,98,38,48,25,34,35,24,67,14,40,83,53,97,70,40,14,35,4,73,92,66,81,6,95,81,74,54,1000000,74,65,48,88,28,8,18,48,70,48,78,69,64,76,64,48,82,10,67,89,90,69,78,35,62,44,63,8,69,82,69,54,59,38,1,83,79,100,81,68,49,76,46,14,83,76,55,71,36,77,3,28,95,3,62,77,59,58,97,11,14,27,93,68,91,64,22,94,96,1000000,86,78,28,26,68,94,15,59,96,49,54,29,75,1000000,25,96,51,80,78,6,77,64,49,92,32,50,91,44,93,1000000,2,83,47,5,87,53,75,1000000,5,16,45,31,90,56,99,51,70,19
10,70,29,27,18,34,28,24,61,1000000,9,81,21,79,4,57,1000000,88,73,1000000,67,42,13,59,74,88,57,54,0,28,1000000,48,84,60,23,54,43,82,95,39,48,12,19,45,37,6,14,25,43,85,3,12,27,86,99,1,45,1000000,65,39,54,27,46,14,16,38,83,33,32,86,64,5,45,73,15,92,5,33,60,60,55,2,58,76,40,63,1000000,68,1000000,17,56,55,93,96,99,99,23,39,19,9,94,1000000,98,30,27,38,35,39,59,45,55,13,30,70,97,6,52,6,88,2,27,19,34,36,56,71,22,85,94,88,60,95,81,13,29,12,89,76,78,5,85,74,32,15,40,57,19,87,16,59,63,1,63,30,10,22,28,18,95,73,59,99,6,28,38,19,47,94,63,37,51,88,30,38,35,58,74,1000000,33,50,34,14,38,37,10,99,60,84,34,1000000,27,57,61,75,30,30,86,30,61,52
54,25,38,13,90,74,47,80,93,74,32,71,52,94,5,78,25,1,37,73,52,23,12,13,28,12,49,1,94,0,5,54,63,65,51,87,92,1,52,36,83,76,47,87,44,59,3,77,31,90,42,57,79,62,33,91,47,52,98,33,38,77,45,49,4,77,17,5,67,86,59,96,41,70,42,11,73,66,55,6,43,42,78,55,92,97,70,48,67,100,80,25,48,7,21,76,99,34,3,50,71,7,1000000,1000000,8,87,97,51,52,23,61,100,44,34,35,24,78,74,34,61,95,43,59,73,8,1000000,3,70,25,1,83,94,43,61,1000000,60,1000000,87,3,2,87,16,96,88,83,3,97,76,29,91,89,45,39,70,9,35,100,63,80,38,3,4,48,71,56,60,22,10,53,43,45,1000000,85,79,60,46,16,10,47,84,76,7,19,21,28,21,57,31,29,7,33,46,67,96,71,79,68,92,6,70
73,35,61,82,33,56,17,21,49,77,4,52,91,1000000,9,14,36,85,46,64,42,51,47,28,95,50,99,3,78,91,0,29,1000000,69,20,39,43,31,65,50,74,27,8,70,53,100,15,7,91,97,1000000,11,95,16,65,7,82,65,42,5,1,2,56,33,46,53,30,49,18,41,20,93,93,38,54,1,2,64,93,66,51,52,60,72,84,56,55,12,68,96,9,11,23,34,75,56,16,70,87,70,41,87,83,82,26,88,40,33,58,47,1,39,1000000,2,55,78,29,66,51,3,44,48,81,66,26,17,46,6,49,34,54,92,99,67,74,35,65,7,35,1000000,84,75,33,4,56,32,20,44,48,43,48,54,1000000,72,44,67,72,80,67,32,89,10,92,25,43,36,97,1000000,98,32,54,90,93,65,48,29,21,1000000,1000000,12,77,44,61,28,56,32,51,22,18,43,90,1000000,37,59,50,3,61,21,64,35
50,23,70,75,52,36,67,4,7,12,47,93,26,96,64,38,49,58,30,17,96,40,4,100,75,24,99,39,50,69,29,0,66,60,94,15,59,46,40,23,67,75,37,82,29,41,37,49,62,4,85,88,59,13,60,37,95,96,45,1000000,83,49,41,15,83,93,16,39,14,7,30,74,3,71,96,46,89,11,54,26,99,31,1,84,3,43,10,19,84,10,64,15,86,22,22,19,16,34,38,1000000,7,77,1000000,92,1000000,4,52,71,77,59,96,90,98,18,59,94,59,89,1000000,53,88,51,76,8,32,33,6,54,1000000,88,22,88,97,15,1000000,74,24,96,34,83,72,15,1000000,85,46,43,81,42,42,16,21,98,89,90,65,19,51,90,74,83,10,36,57,15,16,43,67,31,19,72,56,49,6,85,63,70,14,49,4,60,69,8,31,79,88,36,1000000,30,3,1000000,23,45,60,18,67,46,28,85,4,2
54,92,1,44,50,49,3,38,87,7,10,3,89,50,58,69,86,53,90,39,93,78,98,46,36,17,59,40,30,1000000,64,15,0,63,75,1000000,38,19,26,9,91,73,91,42,19,33,16,76,32,38,31,27,78,54,85,85,24,91,94,18,27,21,26,67,86,55,15,10,75,23,76,63,90,36,47,69,18,47,61,82,23,37,28,23,86,74,57,79,48,26,85,89,39,80,39,90,27,69,19,21,5,52,68,47,38,41,77,1000000,46,92,45,8,100,91,49,48,24,19,16,6,58,21,85,85,20,83,51,14,61,18,39,63,54,76,19,12,80,67,82,77,30,7,5,59,85,11,72,90,16,67,18,57,94,97,45,96,69,37,2,60,1000000,56,18,69,33,93,34,66,46,11,16,85,24,82,45,6,60,4,8,27,40,39,57,73,38,38,3,43,95,95,53,29,42,86,89,29,7,40,49,87
1000000,96,7,53,65,56,41,30,69,74,58,12,61,88,68,89,98,75,22,82,89,9,81,98,54,1000000,88,51,7,29,62,37,24,0,8,13,71,65,5,10,91,47,91,34,61,86,51,1000000,100,76,73,42,47,22,41,1000000,16,80,2,47,56,35,43,56,13,48,33,84,79,64,76,18,55,1000000,64,1000000,12,97,48,51,32,65,71,39,57,5,97,17,34,1000000,9,2,88,8,18,50,69,59,54,74,76,50,47,1000000,48,98,51,65,39,43,61,90,88,1,92,58,1000000,64,67,46,60,32,88,33,7,38,77,66,84,74,64,47,63,94,64,45,59,84,56,37,66,72,1000000,7,29,65,88,25,19,60,86,59,49,3,34,31,46,91,51,61,26,83,6,20,96,92,43,17,67,16,21,89,18,72,72,38,22,1000000,77,16,61,78,55,9,46,93,78,92,64,7,53,39,83,98,72,88,94,25,78,32
79,74,100,17,1000000,67,22,68,23,6,28,2,58,91,15,48,1000000,99,25,89,97,45,46,99,43,70,34,37,13,56,6,95,54,6,0,55,83,57,91,66,61,53,16,66,97,97,90,70,43,10,24,98,43,50,53,58,94,48,8,20,70,38,4,9,1000000,7,76,80,40,22,60,4,92,53,69,24,73,31,60,20,25,24,33,43,52,76,40,44,29,26,26,43,33,72,1,5,53,38,81,57,80,38,39,99,52,74,1000000,1,69,11,99,1000000,27,66,2,86,34,73,71,12,97,91,81,10,13,17,44,94,9,82,87,97,1000000,1000000,31,67,76,55,33,79,20,47,72,55,87,71,30,75,44,49,31,6,99,82,40,8,49,86,46,25,81,47,21,28,1,61,63,45,79,54,98,23,74,75,77,28,36,87,56,8,88,38,55,71,37,62,78,53,16,53,13,47,39,5,42,75,68,30,55,99
34,85,14,39,30,87,76,35,1000000,60,1000000,50,20,57,86,97,58,29,88,64,17,78,7,39,59,6,96,83,6,25,27,81,19,5,91,0,48,38,83,77,37,1000000,23,39,23,12,36,38,24,4,13,75,88,45,94,62,21,78,1000000,2,26,44,65,85,28,67,93,50,77,81,46,52,89,73,79,25,48,6,43,42,52,98,33,1000000,35,98,73,40,88,24,18,93,78,32,2,25,83,49,64,10,39,93,10,3,26,57,61,50,73,38,1,29,1000000,12,54,79,53,94,9,59,26,25,93,93,98,70,44,45,12,20,1000000,1,3,60,45,5,70,66,59,100,15,35,22,15,82,86,1000000,20,35,27,51,3,81,6,22,90,20,88,97,64,3,51,48,95,90,89,69,2,62,9,82,97,19,87,29,85,51,1000000,13,100,54,96,3,1,72,35,44,90,59,37,54,35,48,88,99,68,97,43,26,98
100,62,48,47,51,18,53,88,43,43,82,17,72,83,4,62,88,6,66,8,41,58,1000000,69,76,92,1000000,29,33,37,18,62,1000000,1000000,50,62,0,81,48,39,7,88,74,91,29,17,89,36,90,18,80,4,6,55,78,1000000,38,19,66,25,100,71,72,94,26,56,76,33,78,26,46,33,12,59,21,93,72,54,67,28,99,54,59,1,35,1000000,33,57,7,11,93,31,75,22,69,24,34,93,96,52,12,87,25,55,38,3,91,97,2,5,14,95,52,77,1000000,35,73,12,70,48,38,53,36,48,5,44,9,66,99,1000000,99,94,45,64,1000000,54,6,20,48,70,71,89,51,84,56,2,7,1000000,41,65,56,54,91,16,16,70,1000000,1,46,80,43,1000000,47,92,100,1000000,71,84,7,1000000,8,76,79,14,61,16,72,95,69,100,71,53,92,93,91,59,7,51,23,24,33,99,39,60,95,46,67,85,39,43
62,83,14,37,45,44,46,93,89,1000000,10,71,81,79,69,48,67,83,50,54,59,36,45,1000000,91,89,45,27,2,77,22,50,38,78,44,15,50,0,3,34,53,74,73,75,6,10,28,56,65,77,52,15,36,10,53,45,30,69,77,1000000,25,2,30,28,55,90,43,96,76,37,10,60,77,82,42,12,99,87,14,12,22,4,28,87,96,49,25,64,8,85,99,27,74,1000000,1000000,1000000,94,1000000,46,4,46,88,32,45,24,88,57,6,45,74,31,16,69,56,100,49,68,99,43,65,72,58,15,1,26,89,92,44,48,62,95,55,38,92,1000000,12,95,91,39,18,29,35,75,80,30,26,71,8,78,70,73,19,87,67,77,32,17,18,44,54,37,51,21,43,72,29,23,84,45,1000000,22,85,60,78,69,44,76,51,92,43,60,8,99,66,81,9,66,74,1000000,5,99,23,15,40,83,43,56,75,1000000,74
13,53,45,31,1,51,90,99,14,86,98,22,1000000,100,94,68,7,38,34,27,37,15,53,87,84,1000000,28,17,18,42,1000000,83,58,91,84,24,1000000,8,0,54,2,77,99,9,53,15,40,1000000,34,77,63,64,37,76,69,2,3,88,21,27,53,97,18,63,29,74,49,46,93,87,53,73,53,51,34,1000000,90,47,14,64,78,13,83,75,99,70,1000000,77,47,75,43,61,57,40,3,37,10,41,1000000,62,17,39,100,91,26,1,11,25,15,63,40,1000000,61,14,35,65,1,10,52,73,33,63,60,30,2,6,73,6,28,67,50,73,41,67,83,96,29,1000000,74,36,29,20,23,13,87,53,63,42,27,35,53,32,98,39,42,62,31,72,28,79,17,19,36,46,17,68,16,12,54,1000000,33,96,95,48,51,48,62,21,69,8,42,32,82,64,71,67,13,58,98,96,98,9,85,44,10,98,29,20,61,61
1000000,17,50,21,40,94,57,57,73,68,13,72,48,29,72,7,24,76,52,10,43,25,45,15,44,5,90,84,94,84,41,100,48,5,24,7,1000000,97,79,0,89,1000000,81,78,96,31,17,9,13,47,8,60,70,1000000,53,48,97,1000000,73,61,92,75,31,89,68,72,46,94,3,48,18,25,1000000,64,79,15,51,98,97,67,78,37,10,39,59,21,61,1000000,60,1000000,92,21,2,23,69,37,20,52,7,11,70,11,47,53,23,56,48,49,74,70,2,58,62,30,46,86,38,81,88,94,1,88,47,3,89,96,47,69,5,15,22,93,86,42,26,67,43,44,24,9,33,30,17,71,9,95,34,14,69,22,41,1000000,83,86,84,70,90,12,69,1000000,3,24,26,88,80,10,17,44,85,7,70,44,51,31,1000000,75,74,31,86,26,18,24,11,93,30,93,28,1000000,16,18,71,21,27,88,59,2,1000000,80,1000000,84
94,15,8,95,68,1000000,1000000,49,14,96,69,74,79,54,10,31,49,68,31,41,11,35,7,67,22,54,70,95,75,35,1000000,34,55,18,54,1000000,5,1,4,57,0,22,2,78,53,61,76,55,14,59,98,32,50,46,1000000,94,9,76,43,60,58,9,92,68,57,25,16,53,15,41,15,40,1000000,59,98,96,80,81,38,20,43,8,14,70,84,34,7,74,64,72,53,13,1000000,1000000,58,34,88,59,41,42,1,38,87,36,27,7,16,72,73,68,66,93,24,45,18,50,12,9,35,41,22,80,27,4,1000000,75,91,18,81,94,30,14,71,1,48,22,6,28,68,98,1000000,33,29,56,27,71,60,28,94,25,73,54,74,63,13,41,85,86,76,42,12,1000000,1,52,2,68,41,59,14,99,16,46,31,73,32,91,11,20,72,16,55,53,41,59,51,36,16,74,74,68,33,21,43,95,95,9,95,41,1000000,58
92,96,40,55,24,34,3,78,98,26,80,6,20,89,44,58,27,49,68,18,48,22,72,92,33,97,32,40,26,23,72,5,10,4,10,87,58,43,76,46,18,0,85,16,30,43,11,41,76,77,97,83,41,1000000,21,9,89,90,78,49,79,36,34,45,62,73,86,5,57,26,66,13,96,53,3,4,41,86,52,22,75,61,26,1,69,33,30,52,45,51,3,41,97,16,93,31,24,46,53,94,95,43,53,52,91,83,79,65,71,33,52,21,7,50,1000000,99,68,64,100,14,89,44,32,43,6,62,65,60,92,20,85,53,94,86,75,12,75,34,42,46,68,58,9,19,68,75,31,53,54,29,62,95,97,36,40,60,36,33,18,7,90,14,13,81,81,29,27,85,3,9,56,9,80,44,44,19,86,44,36,89,56,64,8,5,98,26,36,21,36,36,82,1000000,10,1000000,3,37,28,68,1000000,55
99,30,75,19,95,77,31,40,24,45,33,79,27,55,66,41,30,51,47,77,51,70,15,35,19,60,15,50,47,6,51,18,3,25,43,1000000,93,22,18,15,71,67,0,89,75,9,1000000,22,59,91,31,19,66,52,27,13,39,9,81,98,5,49,71,88,20,56,27,16,40,50,57,1000000,94,31,57,97,88,31,60,47,8,62,1000000,100,17,6,2,1,86,67,49,74,79,79,81,33,98,21,72,49,23,67,8,61,52,95,70,93,32,55,36,15,76,35,3,44,62,50,73,22,37,82,63,91,67,55,58,1000000,71,39,36,50,55,50,94,59,82,25,10,3,77,31,95,48,1000000,28,68,62,22,24,58,95,42,28,100,53,56,14,24,16,91,74,38,77,73,77,81,79,74,89,30,81,100,56,48,58,45,22,96,94,93,40,99,69,5,50,96,50,51,53,13,23,11,30,69,92,57,73,32,2
61,6,37,62,40,39,77,18,88,48,55,12,13,1000000,40,6,61,75,58,38,65,47,31,36,1000000,55,28,23,60,80,53,8,73,1000000,14,24,77,11,58,1000000,21,80,56,0,40,71,37,43,1000000,1000000,62,86,86,29,83,76,26,98,28,100,48,70,6,18,8,71,29,73,88,99,8,53,78,100,19,89,55,59,37,26,2,6,55,96,13,1000000,59,1000000,44,1000000,83,94,1000000,7,4,59,63,27,45,91,9,51,13,30,65,70,34,69,45,88,72,52,14,5,88,65,76,26,51,30,34,19,86,93,83,70,2,88,22,29,44,32,54,41,35,73,1000000,1,98,12,56,14,27,24,81,78,12,86,9,33,1000000,4,94,64,61,22,25,94,1,17,64,26,2,4,23,9,44,4,41,1000000,36,96,77,44,6,1000000,1000000,59,1000000,15,55,89,42,79,97,39,42,44,39,63,45,25,77,62,69,59,63,25,83,69
44,9,8,1000000,1000000,99,60,95,97,24,54,93,53,18,21,25,14,31,93,52,65,1000000,66,43,7,61,72,46,3,29,90,1000000,1,19,76,94,48,21,21,1000000,90,18,37,77,0,1,36,69,79,48,60,94,41,1000000,84,76,10,66,23,83,1000000,52,19,93,59,93,25,91,98,70,36,93,42,90,36,97,53,97,46,80,43,29,69,11,32,32,78,59,90,42,35,66,43,38,85,52,80,17,12,99,46,13,32,54,79,1000000,49,1000000,33,58,11,20,64,50,97,81,8,77,8,17,14,15,58,16,31,36,58,77,79,24,47,21,31,63,36,89,62,37,7,21,32,99,20,79,94,39,86,61,94,64,93,1000000,55,3,53,27,41,51,66,57,90,92,93,54,25,74,37,50,79,57,66,1000000,75,84,53,90,1,96,30,2,87,70,78,52,7,59,4,36,17,40,85,70,42,32,85,40,5,33,87,35
58,1000000,38,29,62,76,48,52,49,42,46,40,36,21,1000000,5,56,88,1000000,99,59,25,60,61,20,80,80,7,99,55,39,93,56,76,50,22,74,27,23,29,5,34,47,27,92,0,1,65,65,80,74,89,75,26,70,64,12,97,60,35,81,82,82,52,96,11,18,7,64,15,48,74,62,100,69,32,82,6,43,7,59,17,53,17,99,80,71,9,84,54,15,8,84,17,4,50,54,78,76,1000000,68,80,18,7,25,21,96,44,27,92,87,83,54,79,15,91,68,1000000,53,75,86,28,35,1000000,62,8,25,29,1000000,14,3,57,10,45,54,50,100,29,89,41,24,15,85,98,99,88,36,79,44,13,67,94,53,96,1000000,79,31,19,94,40,81,56,81,9,7,14,58,53,57,60,33,94,43,100,54,46,81,91,29,83,1000000,72,89,76,97,1000000,76,29,71,37,50,26,53,47,38,53,19,39,12,12
45,56,24,19,22,74,1000000,75,55,62,71,56,75,73,60,1000000,6,80,45,1000000,4,48,50,24,70,68,2,29,26,53,31,16,94,39,27,58,78,1000000,77,100,67,1000000,4,33,97,100,0,52,51,86,59,51,18,11,68,18,41,24,45,19,55,62,2,52,82,90,61,45,69,85,23,95,81,34,88,19,92,12,65,60,1000000,27,28,59,59,14,81,78,61,12,25,12,9,100,1000000,52,38,6,40,64,15,64,82,80,1000000,9,12,40,1000000,93,90,25,46,85,75,62,20,65,49,90,70,42,81,24,60,83,82,49,99,14,28,64,95,34,91,16,98,14,1,97,48,33,81,21,1000000,39,20,38,61,3,83,100,20,85,47,39,50,29,25,77,91,66,6,8,89,43,75,20,98,78,96,41,28,23,44,48,91,97,18,44,44,92,1000000,6,14,83,38,18,19,4,35,21,33,50,22,30,29,21,81,64
26,38,41,88,1,63,93,31,45,60,100,45,89,1000000,1000000,2,30,76,93,6,49,83,16,69,78,91,35,92,98,57,31,75,1000000,63,47,60,10,28,76,23,39,66,73,86,13,43,57,0,20,2,100,39,92,19,16,52,76,97,94,87,62,41,15,77,56,92,24,52,71,85,1000000,40,70,93,15,12,6,43,72,99,17,1,11,60,12,85,68,46,1,36,1000000,83,26,17,10,16,10,90,87,36,1,100,57,53,27,45,16,80,49,97,90,58,7,8,69,45,94,92,26,67,32,88,4,56,23,59,58,69,44,54,96,88,57,1000000,59,49,81,13,59,90,55,56,35,7,76,69,37,22,14,67,7,73,68,98,96,98,26,11,99,33,79,42,44,40,44,91,39,100,75,84,94,100,75,78,13,88,95,71,48,1,29,24,99,83,63,50,35,50,25,97,39,43,23,60,87,59,27,72,31,17
89,27,62,74,39,83,43,87,33,67,60,47,1000000,95,36,78,66,7,85,67,50,30,43,74,100,72,17,1,36,23,58,62,94,96,29,1000000,61,1000000,21,27,58,3,97,26,93,86,20,80,0,58,11,67,18,59,53,64,11,6,42,43,1000000,40,71,92,62,1000000,60,54,80,96,33,8,1000000,12,48,65,53,79,15,79,47,1,77,36,62,47,28,61,77,67,79,1000000,4,46,26,32,43,7,51,79,94,14,53,77,48,98,100,1000000,55,46,27,9,72,13,67,68,23,96,91,93,48,63,22,30,81,64,1000000,1000000,38,34,53,50,95,84,93,14,50,75,1000000,55,3,26,71,87,35,78,52,10,27,97,1000000,59,62,80,41,22,40,85,21,53,16,38,90,25,93,70,47,39,57,20,72,76,54,33,21,99,72,49,91,35,36,10,19,7,90,59,69,87,38,38,45,24,45,97,63,94,85,8,10,77
69,27,36,41,19,76,47,39,71,32,22,35,80,65,42,76,56,47,63,54,15,3,25,1000000,77,33,13,8,74,92,28,1,63,6,42,1,39,26,39,23,17,42,44,79,37,30,24,53,64,0,13,91,58,1000000,26,29,34,22,22,34,56,88,76,77,16,1000000,29,1,81,90,50,80,38,69,1000000,2,75,24,86,55,83,15,9,6,13,94,67,44,46,100,37,22,33,51,72,74,48,38,27,14,50,92,32,88,1000000,39,1000000,89,82,90,81,72,90,76,12,14,25,78,33,40,97,52,32,33,68,35,7,32,63,1000000,1000000,75,66,50,11,67,19,13,74,47,13,28,2,89,6,75,69,8,36,97,2,5,91,72,92,16,54,72,16,96,22,93,76,91,82,56,4,72,65,86,62,63,48,63,68,5,1000000,86,51,85,59,47,96,28,24,88,98,39,74,16,82,78,48,10,15,3,1000000,93,58,28
44,25,45,68,27,1000000,76,82,10,48,23,19,62,22,90,57,60,74,46,28,72,59,5,11,21,15,92,8,87,70,80,1000000,81,69,92,1000000,86,69,42,34,12,98,88,81,52,67,68,37,75,72,0,16,3,63,100,15,26,73,14,5,97,1000000,62,21,71,66,61,80,48,74,61,51,47,72,83,32,1000000,11,1000000,30,87,19,61,29,71,93,5,28,77,12,20,23,82,66,25,34,16,19,86,10,46,73,43,17,39,45,95,4,17,99,1000000,40,53,80,93,1000000,4,32,43,33,63,65,61,31,58,79,10,25,12,83,21,37,1000000,21,63,35,85,41,91,39,18,49,56,20,57,63,86,90,58,74,82,77,47,64,52,39,65,1000000,94,57,81,80,1000000,50,8,55,5,63,86,92,78,46,100,67,79,87,10,1000000,4,19,49,36,82,99,21,80,36,24,87,77,53,67,2,24,38,18,49,37,100,1000000
1000000,88,1000000,55,1000000,55,70,36,32,81,27,1000000,1000000,66,1000000,26,50,1000000,54,47,26,83,22,46,92,66,14,36,84,66,1000000,6,94,69,6,33,66,47,57,29,38,82,78,22,17,80,98,19,71,7,32,0,34,7,78,51,50,10,82,80,64,100,54,47,92,2,17,14,49,1000000,88,86,69,65,1000000,58,91,26,44,7,45,35,84,81,43,8,41,51,79,64,1000000,66,47,76,6,46,59,59,62,31,96,89,97,29,13,56,54,58,88,99,98,87,92,88,31,10,45,31,30,22,61,34,67,10,4,85,8,65,47,69,63,28,44,56,32,91,94,1000000,27,67,57,61,98,28,18,54,42,25,75,31,100,63,65,61,51,12,30,21,98,19,78,7,37,42,64,8,29,91,87,65,61,100,63,30,23,17,74,65,22,48,41,84,58,64,63,42,21,31,14,10,6,94,56,72,93,52,47,23,1000000,93
34,50,34,59,58,26,4,59,96,12,56,38,33,90,46,58,88,35,78,72,19,1,82,21,78,10,22,64,90,68,93,80,66,85,49,81,85,83,64,85,45,61,99,75,87,39,83,58,12,94,12,50,0,1000000,22,31,66,4,96,68,88,87,88,64,89,88,36,31,41,95,87,75,51,49,89,2,35,13,67,45,3,66,83,77,53,98,95,74,58,87,5,97,33,31,52,87,33,34,83,3,42,88,6,50,59,35,22,63,83,89,98,1000000,12,86,1000000,14,98,85,1000000,6,46,20,32,65,18,72,100,12,90,4,8,1000000,62,81,46,34,1000000,4,1000000,99,71,100,25,5,59,40,51,74,25,88,76,39,95,27,68,4,1000000,1000000,50,84,81,67,61,4,1000000,61,75,89,26,12,25,77,20,19,94,1000000,67,1000000,12,39,1000000,21,73,63,82,51,79,96,86,1000000,22,62,61,1000000,57,54,85,62,1000000,72
56,88,1000000,38,34,62,30,12,5,78,81,38,41,72,92,83,44,16,26,58,1000000,5,50,10,33,78,36,1000000,40,96,99,59,22,43,5,1000000,84,56,54,48,99,54,12,48,86,94,55,39,97,99,69,98,84,0,94,69,9,45,21,73,21,1000000,17,82,55,7,79,2,98,73,36,17,94,96,1000000,48,1,1,78,53,39,3,10,22,77,99,90,1000000,98,1000000,7,14,1000000,63,43,10,36,12,51,20,11,29,1,60,45,62,61,97,66,7,21,36,12,95,81,53,37,79,42,22,19,1000000,39,1000000,95,37,1000000,61,71,54,32,16,1000000,65,56,80,53,91,12,28,43,5,79,32,49,72,64,64,47,96,74,95,32,69,27,6,68,99,1000000,86,1000000,57,58,73,36,66,2,19,36,76,25,38,34,30,6,44,45,54,95,100,89,69,89,12,26,28,21,70,3,31,23,11,69,8,1,95,20,14,97,66
95,5,97,28,8,46,61,22,80,31,100,28,99,44,96,16,74,50,1,30,100,25,85,84,17,4,27,66,78,80,55,1,12,2,1,36,27,81,60,47,71,59,88,54,30,92,1000000,39,29,91,1000000,29,19,100,0,53,43,22,76,49,27,77,50,45,95,63,64,59,98,81,69,24,51,23,45,67,45,62,85,37,100,67,40,12,13,75,13,50,63,9,36,45,42,96,43,21,63,73,22,66,54,89,3,25,1000000,12,99,13,59,9,9,79,13,42,28,20,15,66,47,93,54,37,19,47,84,66,32,78,17,98,23,31,33,75,91,26,16,92,95,68,79,34,72,11,37,50,16,60,72,31,24,68,97,39,29,49,88,69,1000000,18,61,90,29,7,72,74,73,78,46,95,54,26,83,48,27,97,62,77,48,98,74,93,97,34,54,59,96,77,75,47,1000000,1000000,8,89,28,26,38,37,55,12
20,68,17,91,42,59,1000000,84,59,5,68,6,96,10,10,2,94,9,16,83,1000000,89,52,9,96,58,45,3,88,99,85,28,82,36,69,14,81,12,20,20,62,88,57,77,35,74,67,43,90,66,23,79,37,92,66,0,9,10,71,89,4,18,1000000,96,82,58,21,8,33,85,50,62,27,25,61,13,84,40,47,68,82,58,40,48,68,29,60,81,8,93,24,1000000,41,69,15,93,78,60,36,45,60,38,35,93,26,1000000,20,2,61,1000000,98,36,28,49,12,91,96,4,66,6,6,85,64,39,84,32,96,19,2,31,56,14,96,49,1000000,1000000,50,1000000,68,59,89,1000000,26,20,22,54,45,62,13,83,94,82,36,1000000,73,63,35,11,92,10,50,94,72,9,73,65,35,67,26,9,1000000,45,97,68,98,99,87,62,1000000,87,25,87,52,96,24,22,1000000,100,29,75,1000000,44,37,17,78,51,57,60,89,29
91,67,12,25,58,46,45,77,86,53,46,9,97,65,6,1000000,96,26,59,40,61,71,21,5,60,31,90,89,1000000,83,50,31,85,11,88,50,18,35,31,59,33,61,32,7,34,86,41,18,73,88,7,46,17,52,88,1000000,0,4,75,89,89,37,50,95,2,56,36,6,81,44,31,31,49,55,90,35,62,98,75,85,41,31,2,95,27,81,84,76,76,76,26,62,82,73,66,92,88,79,7,37,76,59,21,70,93,46,47,93,48,73,98,67,1000000,44,6,69,54,70,18,98,22,34,34,48,41,90,68,41,16,15,95,35,27,84,2,50,40,34,39,17,85,74,10,85,49,42,23,15,19,19,2,84,2,24,14,24,73,83,94,47,76,98,76,1000000,79,21,60,34,54,9,15,1000000,83,68,53,63,19,18,1000000,26,42,66,74,42,79,1000000,73,89,57,43,62,98,54,21,2,29,1000000,77,29,97
100,67,1000000,28,27,27,43,36,20,69,64,25,77,16,22,48,91,1000000,1000000,70,33,53,51,1000000,35,30,43,23,2,33,2,78,48,54,7,82,57,85,36,93,55,95,89,18,5,13,1000000,35,77,31,9,53,7,11,75,73,1000000,0,78,22,60,41,33,63,42,88,45,52,91,73,78,15,12,78,32,30,44,25,46,88,38,44,61,55,63,42,59,1000000,89,59,81,39,19,2,92,1000000,1000000,84,33,7,20,90,34,3,80,53,70,76,44,81,77,91,93,35,22,44,69,34,50,72,37,32,52,47,77,81,53,92,85,34,1,90,98,70,26,48,17,75,11,57,33,47,73,65,88,1000000,2,46,12,86,90,77,95,50,48,80,76,97,45,11,10,94,31,6,82,48,49,88,17,6,44,86,11,78,52,86,92,44,48,70,80,17,27,46,1000000,63,67,4,68,99,8,52,26,91,4,52,93,43,29,99
17,70,1000000,63,3,27,87,31,3,53,29,49,35,17,27,24,18,20,87,8,1000000,21,11,38,16,88,5,100,96,9,100,89,40,26,61,3,5,48,89,12,80,13,89,55,99,91,77,60,65,49,58,1000000,9,37,10,67,1000000,35,0,60,83,15,15,45,48,7,99,1000000,82,69,3,34,9,35,39,8,80,1000000,44,4,33,3,5,86,45,55,65,72,90,32,16,98,58,24,19,80,70,33,97,45,80,49,63,87,12,48,1000000,59,23,22,29,64,50,78,16,48,81,90,85,92,92,1000000,75,59,32,83,28,31,63,7,83,61,1000000,79,95,63,33,77,11,89,79,54,76,79,47,11,26,45,36,99,1000000,56,14,6,43,65,46,79,20,54,85,7,61,3,15,73,70,70,35,14,76,5,66,12,41,34,86,10,13,34,69,57,15,53,69,76,42,6,10,90,98,58,66,30,16,22,25,75,35,12
16,30,42,99,11,97,4,96,98,36,30,98,54,64,11,5,25,6,86,7,25,1000000,92,89,38,2,55,63,29,28,100,77,85,89,9,69,53,97,1000000,85,99,96,85,71,20,34,1000000,98,68,98,70,14,60,18,100,18,46,81,52,0,2,8,98,20,87,98,42,13,16,80,89,52,9,85,35,96,44,50,36,67,54,18,79,1000000,46,59,86,74,1000000,44,1000000,81,49,52,66,99,41,77,2,29,5,30,60,84,64,54,97,11,93,23,83,26,84,35,74,100,1000000,80,49,39,100,86,72,94,85,83,6,85,69,56,2,8,91,24,73,1000000,28,38,28,95,95,74,82,52,21,22,79,33,1,22,49,48,1000000,78,57,1,87,63,100,46,93,42,33,16,20,41,25,48,10,35,97,64,22,80,38,66,76,22,41,86,68,22,76,96,6,86,1000000,28,35,65,36,71,6,91,17,88,9,49,74,89
44,37,56,67,82,27,100,14,52,85,93,81,83,63,56,16,16,16,10,96,28,72,9,61,6,41,70,3,89,90,15,17,28,1000000,41,9,26,64,50,1000000,60,19,20,25,99,80,8,29,75,8,12,37,9,49,64,7,96,32,86,50,0,70,1000000,68,32,23,63,31,42,81,92,76,1000000,70,91,46,2,61,16,13,31,15,1,96,26,57,94,61,1000000,36,42,86,99,99,45,53,48,2,80,55,52,82,52,60,87,97,19,79,86,16,90,34,94,58,1000000,88,81,1000000,90,1000000,41,52,1000000,88,18,61,13,82,76,80,72,75,81,90,29,52,54,55,56,73,86,1000000,47,1000000,82,36,34,25,41,16,2,85,8,68,87,16,38,65,24,5,15,10,27,36,1000000,94,51,32,22,10,83,72,10,78,62,81,25,6,7,85,10,49,14,1000000,1000000,79,65,36,99,71,39,85,1000000,51,58,1,90,17,49,1000000
29,92,72,36,1000000,5,98,28,74,63,56,21,35,65,43,41,64,1,86,34,65,76,13,79,84,1000000,15,1000000,8,51,23,16,75,49,35,20,96,34,99,46,62,40,76,30,73,98,90,25,59,87,56,88,98,75,9,79,1000000,14,14,99,48,0,92,42,29,64,66,94,80,86,69,1000000,34,62,99,39,81,27,77,27,18,67,54,89,67,1000000,68,4,29,26,19,47,19,22,11,60,1000000,56,22,43,10,46,63,37,1,18,17,45,4,73,93,24,1000000,100,55,87,95,16,88,34,80,1000000,18,87,99,79,15,22,78,100,75,48,60,60,4,96,97,100,44,1000000,48,39,39,84,17,8,9,60,55,8,53,78,95,64,1000000,22,51,17,5,59,1000000,48,96,75,20,66,98,14,26,66,27,34,56,89,1000000,51,48,51,53,70,18,18,83,48,73,42,63,94,55,100,59,58,46,18,71,88,72,34,55,1000000
53,14,20,46,48,81,1000000,1000000,37,100,2,10,45,40,8,20,60,1,97,44,40,47,25,29,37,45,78,29,83,16,6,3,66,69,80,77,7,51,1000000,88,40,90,30,52,18,78,62,94,40,79,60,95,90,81,44,98,23,1000000,80,65,14,11,0,80,90,73,27,86,36,18,40,86,50,43,47,78,90,52,57,37,97,16,35,48,54,87,48,45,95,13,30,1000000,53,21,2,97,75,64,95,20,4,65,4,67,53,39,82,53,54,85,38,1000000,66,92,27,30,66,99,76,68,20,31,54,21,10,35,48,31,40,1,52,9,59,82,40,21,78,15,1000000,13,36,36,82,5,77,95,1000000,58,19,67,36,56,1000000,4,81,16,54,41,89,81,99,61,78,61,4,73,52,78,39,29,64,62,33,23,88,13,46,79,79,36,32,47,57,32,62,41,62,99,17,87,79,84,76,28,78,62,26,57,1000000,4
3,20,43,20,58,39,40,1,72,34,43,10,4,30,51,26,52,75,24,4,20,34,54,36,28,26,52,6,79,83,68,17,23,94,65,94,84,24,42,59,39,57,37,59,48,97,21,13,1000000,16,52,8,8,82,77,36,5,54,69,56,76,33,65,0,43,52,63,68,87,89,16,96,36,41,5,18,65,1000000,55,35,64,37,99,92,64,69,32,80,45,22,46,82,95,73,19,41,5,68,31,97,100,28,61,5,24,52,25,21,67,40,77,93,28,33,50,64,58,83,85,33,88,55,61,35,1000000,56,73,92,41,96,39,29,71,54,82,34,60,11,85,75,56,59,24,99,7,26,6,87,48,78,57,85,49,1000000,45,76,68,87,1000000,9,19,48,39,31,31,1,14,90,74,23,60,85,93,29,27,56,44,68,23,10,38,48,95,62,85,62,84,23,79,39,34,29,90,81,56,67,65,26,81,64
38,1000000,57,15,15,87,1000000,74,71,51,79,99,39,1000000,80,73,14,48,44,41,99,47,34,17,33,97,93,23,46,36,81,90,2,31,83,10,67,33,12,49,71,11,13,24,58,66,97,22,10,94,99,62,81,12,51,31,46,52,1,42,67,47,9,80,0,95,38,17,37,32,96,1000000,18,68,72,88,30,95,37,58,27,54,1000000,57,82,71,69,59,69,55,38,1000000,1,68,18,73,3,81,89,38,71,2,96,6,25,90,96,11,34,88,77,65,95,52,1000000,94,69,83,39,33,93,9,64,42,14,24,24,21,65,60,22,72,83,26,1,9,43,5,83,61,36,45,3,73,75,12,23,77,16,87,41,1000000,27,73,77,46,86,54,100,73,10,1000000,22,55,69,42,50,50,16,95,31,6,42,70,12,85,28,81,33,58,76,99,92,78,1000000,39,10,69,60,3,61,84,5,46,1000000,64,94,92,98,38
39,55,23,79,77,46,77,4,11,64,43,91,73,59,87,69,68,46,86,83,59,51,50,93,61,10,70,2,78,97,84,40,81,93,71,21,61,44,7,12,73,28,44,71,4,6,79,9,99,86,70,69,7,89,33,4,10,1000000,19,53,55,89,64,85,91,0,48,11,53,33,44,87,21,1000000,97,89,7,15,1,62,1000000,23,46,94,8,81,63,16,1000000,17,88,70,59,47,38,74,71,46,100,69,69,85,25,48,32,84,5,4,64,7,19,58,55,74,65,62,97,73,11,84,54,82,63,90,99,62,1000000,67,68,48,1000000,53,79,1000000,52,51,75,28,78,1000000,37,29,27,67,95,69,38,46,1000000,40,1000000,62,95,70,76,59,73,62,49,37,31,7,28,100,68,23,91,4,92,71,1,8,98,98,35,59,15,42,48,6,88,29,10,46,37,52,85,78,1000000,21,93,81,97,99,12,95,37,93,70,78
63,8,91,62,98,31,94,84,67,87,1000000,16,78,93,1000000,48,46,63,49,30,13,4,71,25,96,30,84,59,90,35,1000000,91,53,63,50,18,98,33,12,69,81,17,21,100,22,47,96,92,97,39,90,4,4,35,57,1000000,45,47,1000000,21,71,43,68,20,59,88,0,97,13,57,78,76,100,15,57,25,94,62,6,29,11,88,4,97,90,73,82,67,15,77,13,41,3,45,46,37,74,1000000,88,96,21,77,98,25,44,78,61,50,57,78,37,80,17,76,84,16,27,87,10,61,72,13,11,80,1,91,15,1000000,8,51,28,53,51,85,5,19,100,15,55,72,3,45,9,45,3,89,35,8,25,73,99,70,38,53,78,61,37,45,51,47,38,15,77,31,62,71,67,17,34,4,89,64,21,54,1000000,74,81,76,16,47,78,50,80,75,34,1000000,73,66,57,9,3,16,1000000,10,83,25,57,69,1000000,15
56,56,73,20,45,77,80,7,96,64,35,53,96,69,47,54,35,63,37,74,68,75,56,17,84,78,1000000,33,19,66,53,4,52,54,6,58,84,43,69,5,87,14,1000000,97,58,29,85,82,84,70,82,34,33,51,1000000,1000000,14,45,32,32,35,13,80,27,38,55,18,0,49,65,4,54,29,16,63,91,35,24,53,98,26,68,97,6,26,86,60,94,41,98,6,32,56,79,15,96,52,56,20,68,9,92,65,38,87,30,28,5,59,52,56,22,18,85,52,1000000,54,94,5,25,73,13,60,52,74,31,52,56,70,67,41,34,41,59,64,73,71,17,74,70,86,77,22,68,58,77,64,40,32,91,39,52,42,10,68,89,68,80,51,53,58,62,5,95,5,75,35,54,70,40,54,67,87,71,3,72,47,24,67,56,1000000,25,69,33,32,48,70,17,75,91,66,72,1000000,81,53,78,38,64,1000000,7
83,4,93,26,90,98,62,61,1000000,69,3,95,65,100,84,54,95,21,50,81,1000000,61,89,36,1000000,63,28,73,51,82,13,62,20,14,16,34,25,40,19,76,8,4,5,22,96,28,36,51,1000000,25,69,18,59,85,100,83,1,47,15,84,97,33,75,89,54,81,86,98,0,17,100,68,18,83,89,57,1000000,40,54,66,33,24,67,98,21,41,6,8,95,43,1000000,38,52,19,87,40,81,23,53,1000000,24,14,67,72,39,58,81,26,83,63,2,53,47,78,29,56,21,25,94,90,1000000,31,71,29,53,33,82,50,18,87,41,25,65,80,76,37,1000000,87,16,96,61,69,1000000,74,37,7,64,52,62,33,21,34,47,6,44,61,96,14,80,62,52,39,100,24,10,84,1,21,60,5,76,44,84,62,22,16,24,54,75,12,20,74,31,77,48,97,47,93,76,5,29,95,4,22,44,12,33,45,93,54
10,23,2,45,49,26,92,51,60,19,59,65,64,63,80,98,44,72,80,51,57,100,99,72,92,51,93,15,47,8,95,69,39,8,63,63,89,67,61,28,56,43,26,79,6,1000000,40,66,33,95,51,10,90,87,10,41,36,86,79,26,80,98,5,55,85,61,52,40,49,0,76,34,16,66,80,22,54,73,81,14,58,44,21,95,16,60,57,53,76,10,37,51,29,51,70,53,29,1000000,85,24,31,43,80,4,47,53,4,91,1000000,16,29,61,25,8,67,50,25,1000000,43,35,88,47,78,74,1000000,71,81,48,36,12,66,74,75,57,1000000,31,70,67,98,54,87,65,92,79,65,97,90,30,85,50,83,97,51,56,74,23,98,14,16,97,93,53,1000000,66,42,41,36,13,53,78,49,90,78,45,98,52,2,10,62,41,39,49,33,62,25,16,76,93,66,99,55,33,55,28,42,42,14,33,97,53
42,58,11,9,45,1,93,10,75,43,14,72,25,28,59,92,63,85,1000000,56,32,70,45,35,25,5,1000000,2,7,51,1000000,83,94,71,52,96,1000000,99,61,88,20,14,24,13,78,1000000,64,21,62,87,93,92,40,67,78,90,71,58,5,61,52,10,46,68,27,29,44,32,6,78,0,24,1000000,42,55,40,87,42,83,47,34,34,10,16,47,98,4,1000000,87,44,5,35,29,70,90,1000000,30,86,45,71,73,35,98,58,9,74,88,28,66,1000000,5,61,71,50,55,35,40,85,9,84,1000000,82,69,36,8,70,1000000,32,40,96,87,19,39,17,36,97,67,25,13,39,24,57,49,41,100,61,52,8,33,22,9,79,55,95,22,94,5,1000000,55,68,69,55,90,90,89,17,22,1,27,22,69,44,12,1000000,52,31,36,4,1,62,41,86,40,16,42,28,1000000,15,47,83,62,34,32,65,59,42,82,19,61,59
78,83,1000000,85,26,65,60,26,55,80,42,15,26,45,27,36,99,29,36,85,85,20,15,14,25,51,46,87,2,20,19,95,64,57,61,28,9,49,71,19,35,98,9,41,64,59,13,75,2,86,3,26,2,33,69,61,59,26,85,1000000,37,30,26,89,93,59,1000000,81,52,32,25,0,83,82,10,92,83,87,39,28,65,38,54,87,6,79,4,63,83,100,96,75,13,64,29,8,41,36,25,65,54,32,1000000,11,21,1000000,41,15,97,1000000,41,81,70,46,49,48,66,1000000,80,42,35,92,88,39,40,1000000,11,48,28,85,1,1000000,82,39,85,27,75,57,1000000,62,92,100,61,58,5,36,66,1000000,1,95,12,34,47,42,62,88,1000000,1000000,95,2,41,39,94,8,9,82,96,86,29,4,95,1,68,56,65,33,49,40,74,85,70,84,5,50,56,12,45,23,55,99,59,5,11,92,77,54,68,4,61,22
72,69,40,23,20,43,38,86,59,49,86,14,24,61,1000000,32,7,3,74,85,76,49,85,60,4,45,97,89,66,39,37,16,33,14,18,78,93,93,34,67,1000000,74,59,22,100,34,80,80,44,55,69,85,72,1000000,89,24,84,87,10,98,1000000,94,83,58,66,19,39,1000000,39,1000000,24,93,0,87,68,21,25,91,36,58,69,83,97,90,30,53,96,47,77,46,4,86,98,8,75,36,53,71,79,6,95,99,29,26,51,79,26,88,76,41,1000000,2,21,65,57,23,26,60,27,64,9,12,71,85,15,29,63,44,50,22,92,64,1000000,92,25,69,81,72,83,48,6,72,72,83,4,78,86,14,1000000,34,11,2,31,1000000,68,4,78,5,63,64,42,18,9,49,80,79,59,64,70,81,72,97,83,13,16,42,83,38,76,93,93,20,53,87,78,29,1,48,70,8,65,32,2,79,45,24,65,12,98,26
22,58,83,31,72,78,82,27,50,97,16,48,16,39,11,30,88,96,73,26,1000000,17,73,14,53,61,20,41,22,94,36,45,89,49,33,20,67,13,1000000,96,82,56,6,1000000,26,33,91,1000000,88,49,15,64,59,45,48,40,92,1,48,22,57,41,90,59,33,86,79,12,74,25,69,50,60,0,74,96,5,85,91,1000000,4,41,33,26,43,33,4,71,95,15,10,73,66,58,62,10,27,18,86,74,10,32,64,37,56,1000000,54,90,46,1000000,65,90,84,57,14,79,45,90,72,81,75,9,72,35,34,37,100,3,22,19,63,9,27,36,5,99,14,23,26,1000000,80,1000000,14,90,64,79,14,93,91,83,1000000,1000000,86,100,84,1000000,49,84,40,38,95,81,90,95,39,50,75,32,12,55,64,79,45,92,89,52,91,24,40,63,58,39,19,89,10,88,18,84,44,75,38,8,1000000,43,19,68,79,90,69,55
1000000,91,81,100,45,73,93,22,32,86,91,36,92,55,96,79,34,83,10,31,50,30,36,39,97,80,53,6,1000000,33,94,69,78,90,61,1000000,80,11,99,65,50,25,9,35,49,21,89,57,67,79,21,20,56,95,4,90,13,29,43,48,68,93,67,80,43,1,61,95,37,31,38,81,6,56,0,99,43,94,1000000,1000000,58,68,70,31,11,84,67,39,14,26,57,54,33,52,79,8,28,7,2,19,44,64,33,68,66,32,15,54,56,38,43,43,5,33,75,92,36,43,12,87,46,58,90,50,30,45,17,61,3,59,69,18,65,50,47,32,13,48,1000000,13,1000000,57,100,29,16,99,69,9,46,3,86,50,33,46,52,48,24,59,88,25,31,93,56,19,43,63,37,72,100,23,73,64,37,52,78,32,48,87,67,100,58,83,63,83,47,87,44,66,71,47,81,99,71,83,58,82,3,12,91,13
41,70,12,22,97,86,62,96,46,94,40,42,86,79,87,40,74,7,67,33,18,31,37,47,1,1,10,93,10,41,60,1000000,6,93,44,80,87,44,73,47,67,22,62,98,62,19,91,29,22,96,18,33,52,91,7,91,47,91,84,69,30,90,85,69,66,17,71,71,28,1000000,71,37,59,76,83,0,77,42,67,8,3,48,77,7,17,89,92,31,37,10,63,48,22,22,18,57,88,34,80,37,40,8,40,40,17,88,59,37,16,53,1000000,74,33,12,55,67,5,42,90,95,2,92,72,33,61,95,76,51,38,1,98,86,34,77,26,50,55,41,79,26,46,33,32,65,99,1000000,1000000,4,93,34,20,37,81,95,90,68,97,92,91,87,90,62,1000000,23,24,28,42,63,98,42,95,31,97,63,84,91,55,28,36,68,50,38,42,4,80,74,39,83,87,67,97,35,42,52,3,9,1000000,70,55,35
83,3,15,75,92,88,59,65,44,34,55,1,29,9,30,74,82,38,58,80,6,23,87,43,85,16,59,92,100,60,52,48,72,45,93,32,53,1000000,29,41,3,32,70,39,63,87,88,16,27,15,57,79,96,60,22,99,10,43,81,50,54,17,5,35,79,89,11,16,47,83,26,97,7,5,30,96,0,91,96,12,91,1000000,86,69,48,2,69,8,25,1,82,31,42,1000000,63,93,1000000,29,25,1000000,85,92,25,1000000,94,78,51,3,1000000,5,45,4,82,96,43,43,82,100,51,1000000,74,1000000,55,14,19,69,39,17,81,81,59,12,3,77,30,54,51,79,34,16,91,7,54,42,1000000,61,6,22,52,7,72,40,88,34,64,35,7,23,46,5,79,78,72,80,8,35,62,52,66,80,69,50,54,6,6,35,47,1000000,10,61,13,9,33,3,78,100,86,80,70,14,71,2,92,21,50,30,58,24,71,71
1000000,45,39,91,69,74,1000000,93,97,34,92,86,33,38,79,13,70,60,41,69,84,86,46,41,60,79,49,43,73,28,9,77,53,63,53,99,34,48,89,3,22,74,34,23,56,27,92,4,54,41,64,78,42,87,73,33,8,87,91,95,11,90,80,94,34,3,1000000,31,3,80,94,50,24,35,48,31,61,0,84,19,4,56,1000000,73,14,24,76,60,44,50,35,87,56,41,70,20,11,33,81,79,52,16,14,13,79,64,89,7,65,93,41,2,9,96,90,82,64,66,17,78,1000000,1,86,15,17,88,45,22,1000000,97,88,1000000,92,88,77,4,33,60,87,71,85,1000000,80,33,9,62,1000000,92,46,36,81,88,1000000,96,93,58,83,98,77,84,83,34,60,28,26,49,85,32,36,18,95,15,73,82,58,80,60,54,24,62,59,22,1000000,32,7,18,58,63,44,85,23,77,28,59,20,86,79,22,81,5
64,98,76,56,84,58,64,62,1000000,70,72,85,31,6,99,94,51,1000000,4,11,1000000,34,50,22,64,68,33,51,89,31,69,43,21,32,64,8,56,82,92,9,72,85,65,36,46,17,1000000,1000000,1,53,96,50,42,26,12,13,63,50,33,65,21,99,48,46,1,33,38,41,1000000,72,9,4,91,97,93,30,84,1000000,0,56,11,45,98,51,78,29,52,57,56,1,1000000,76,37,53,55,45,56,18,87,90,9,11,26,40,8,83,98,3,25,41,88,42,28,40,3,80,1000000,32,71,88,48,2,36,82,24,81,66,93,4,16,100,5,46,62,53,87,6,57,6,43,41,45,74,78,46,46,89,48,59,4,19,21,30,19,1000000,71,50,1000000,57,96,53,55,61,48,8,29,76,6,98,96,41,46,37,17,51,87,17,16,38,40,17,95,74,92,20,96,63,37,14,5,30,100,43,24,40,46,96,65,48,36
45,37,26,69,15,45,88,27,19,35,93,10,7,1000000,68,100,97,67,8,94,42,98,89,38,25,23,97,61,87,4,40,64,1,56,62,85,1,100,19,50,8,23,83,88,34,83,30,91,11,6,59,56,14,31,34,82,10,37,98,98,94,69,85,44,57,31,39,44,75,35,7,4,64,42,66,40,37,28,60,0,23,1000000,65,67,90,22,1,66,47,12,48,77,78,81,11,74,32,96,13,40,6,17,73,98,90,32,76,12,35,37,30,42,32,44,33,55,11,58,83,29,96,22,82,46,39,11,12,52,1000000,38,25,72,60,41,77,88,43,57,97,84,87,98,100,57,35,37,81,100,53,83,1000000,86,58,99,82,34,14,52,8,74,40,8,27,66,93,2,7,84,1000000,32,82,24,24,49,12,59,98,88,19,80,71,48,79,9,1000000,36,72,41,96,77,57,35,6,92,24,45,1000000,69,96,51
56,16,54,86,48,36,53,59,1000000,1,45,57,61,15,33,100,4,16,45,62,97,71,91,1000000,35,78,82,1000000,98,84,45,14,25,79,63,82,57,56,65,59,17,38,49,42,65,98,37,2,86,84,12,78,80,99,4,89,35,96,96,19,14,100,75,5,58,94,73,87,69,58,67,39,33,28,74,33,80,84,2,39,0,43,94,85,77,56,61,98,44,17,71,9,73,56,74,8,56,14,64,73,35,7,11,94,62,83,69,1000000,75,28,26,6,19,79,59,57,100,50,98,1000000,54,31,1000000,98,35,36,94,11,17,26,80,67,60,51,100,93,63,13,35,50,23,1000000,56,1000000,79,78,62,27,45,47,84,1000000,60,52,30,100,87,56,67,50,50,8,90,71,44,57,71,12,25,4,72,40,1000000,79,37,21,55,15,77,62,73,80,62,94,56,25,1,44,13,1000000,73,18,8,42,71,48,94,79,26,26
11,71,85,53,18,23,98,57,32,23,14,25,93,40,74,14,21,85,98,74,100,22,94,92,94,9,79,57,88,96,60,37,33,10,50,1000000,77,6,37,39,47,37,95,63,7,68,16,62,39,36,39,34,78,4,45,1000000,64,10,3,5,35,78,10,92,13,82,34,66,1000000,27,61,69,57,4,8,74,19,56,8,30,12,0,96,89,67,10,42,40,54,64,100,62,67,74,24,97,3,43,58,53,18,4,1000000,56,51,51,89,75,74,70,64,71,85,24,76,14,35,33,98,15,20,40,89,27,74,62,74,57,87,30,53,83,4,60,56,48,62,9,62,41,24,1000000,77,42,96,12,21,51,100,72,4,20,12,15,95,12,26,35,36,54,87,76,95,35,4,87,71,45,44,67,72,19,95,64,92,72,25,58,28,40,39,89,75,93,34,18,17,57,96,23,17,74,7,85,45,19,39,3,8,34
41,37,74,43,26,48,11,86,85,24,68,97,7,21,25,56,89,57,48,45,41,76,68,66,61,76,100,67,10,65,29,1000000,74,71,66,98,86,3,45,45,56,5,34,37,1,10,1000000,80,52,42,2,88,36,12,43,37,84,1000000,42,29,1000000,94,86,44,31,1000000,80,10,32,2,11,26,81,19,87,13,78,17,35,67,37,20,0,85,63,74,15,29,12,2,43,36,39,41,79,45,78,43,19,55,35,81,62,88,20,53,40,78,11,10,90,33,10,74,42,75,76,3,32,37,36,89,62,19,1000000,95,99,50,99,1000000,46,40,58,8,1000000,62,66,22,53,20,19,61,82,75,54,97,39,54,1000000,54,87,71,75,92,25,98,85,59,1000000,24,16,76,53,4,57,51,82,3,82,65,4,57,54,83,45,54,14,76,65,52,9,65,4,63,85,71,86,25,97,32,26,1000000,5,67,92,88,53,5,92,14
41,40,45,46,98,12,68,49,86,84,9,30,22,57,76,18,43,47,78,25,69,95,57,35,77,89,1,47,24,9,96,22,11,51,45,64,98,5,30,23,1000000,3,13,44,70,40,91,26,21,88,20,16,82,72,80,35,50,90,3,94,23,42,10,83,65,83,80,80,91,18,68,89,38,57,46,35,44,55,9,90,79,79,18,0,80,76,28,3,49,22,41,63,38,27,65,43,43,59,73,35,96,83,69,93,24,32,15,85,48,1000000,76,2,51,100,51,8,82,67,1000000,60,1000000,18,1000000,56,9,85,23,54,1000000,65,72,67,10,84,77,61,32,12,19,68,4,52,64,18,2,28,58,93,17,80,37,50,36,21,54,36,20,37,54,85,48,1000000,86,7,96,66,70,1,11,83,27,90,72,1000000,37,57,97,72,1000000,30,72,29,62,37,1000000,79,3,1,2,28,65,44,95,6,46,63,97,100,45,67
21,59,23,69,88,66,61,86,90,36,70,58,59,31,52,98,5,58,82,1000000,25,25,49,51,74,11,79,57,43,85,82,78,47,22,78,7,93,34,1000000,34,4,77,23,54,62,30,40,3,8,2,59,26,88,69,96,13,57,18,95,31,61,96,7,1000000,25,58,46,38,70,9,96,61,50,6,47,94,35,84,68,49,17,79,69,99,0,31,52,8,89,43,96,92,39,5,80,54,69,31,35,56,96,69,78,5,41,72,66,65,39,41,46,71,77,25,76,40,41,59,60,87,80,85,25,50,46,33,94,78,41,22,1000000,91,52,39,87,44,94,40,1000000,69,49,45,80,15,65,35,99,76,50,1000000,31,1000000,84,13,51,42,96,98,10,61,69,98,74,1000000,14,1,10,1,28,44,56,1000000,95,90,72,98,54,66,65,36,19,81,85,87,9,25,72,95,94,3,12,50,40,44,61,36,32,60,4,58
94,21,1000000,69,9,26,48,94,21,3,83,73,72,49,19,87,90,17,1,64,77,11,46,31,56,30,30,20,63,12,96,71,5,21,51,89,13,63,80,43,99,24,39,44,51,10,38,1000000,50,91,19,81,76,32,85,30,63,100,91,100,68,44,99,20,65,51,73,83,72,9,61,96,72,24,2,75,57,50,97,1000000,85,60,49,30,50,0,6,68,71,6,77,89,43,2,73,1000000,96,32,22,4,77,72,90,86,78,68,85,61,63,24,1000000,21,22,1,53,31,54,4,54,77,1000000,82,86,33,95,89,62,84,85,72,68,1,33,60,74,74,38,41,67,16,92,59,86,38,5,88,85,76,68,91,91,76,12,20,18,91,73,23,58,80,3,78,34,28,71,30,23,14,29,92,48,4,92,1000000,66,84,4,94,26,83,69,14,80,30,28,76,41,67,70,24,66,47,67,87,5,11,23,72,87,19
95,5,58,1000000,22,1000000,71,53,1000000,2,86,98,98,31,69,84,33,16,51,90,55,54,49,81,7,11,83,65,32,86,76,13,32,8,37,55,91,85,25,11,35,100,70,85,38,56,51,75,81,69,46,15,91,100,5,95,31,62,98,85,10,44,64,55,22,68,58,3,71,19,57,67,24,87,24,99,1000000,59,43,27,16,32,84,40,54,63,0,47,75,74,75,56,53,64,47,55,16,63,90,53,60,6,97,81,62,19,22,94,43,1000000,28,77,33,36,62,67,44,83,79,81,60,36,80,7,24,21,89,13,95,1000000,4,90,5,87,61,49,48,91,68,55,51,61,36,75,49,42,50,48,46,54,34,64,78,86,95,90,48,23,50,22,16,70,64,30,75,92,35,68,46,10,76,22,94,34,20,36,83,51,96,17,59,21,50,98,40,69,50,11,36,29,23,35,96,69,1,25,5,18,3,26
67,42,19,61,1000000,47,33,97,25,1000000,97,55,88,9,22,60,85,76,14,47,68,27,14,5,95,42,55,45,48,8,33,33,55,42,83,37,35,18,46,86,51,38,68,9,7,92,47,22,14,90,100,57,42,50,32,65,73,49,96,14,88,48,23,15,24,78,1000000,77,1000000,85,21,48,53,84,93,47,44,35,1000000,80,80,87,82,30,6,34,95,0,5,25,44,39,4,99,27,17,53,72,72,32,78,15,29,17,95,65,86,76,45,99,100,29,1000000,70,46,63,20,32,32,27,97,49,2,40,32,70,99,1000000,31,46,8,82,57,92,17,28,5,65,47,35,59,23,76,27,86,17,1,55,29,94,32,41,28,1000000,76,31,18,93,8,8,74,48,64,50,13,14,21,67,54,6,26,1000000,46,71,50,73,7,88,20,74,78,66,60,37,17,30,41,1000000,78,88,76,16,34,95,77,82,74,19,34,58
33,29,37,42,15,58,87,8,14,27,93,85,72,92,4,58,65,34,50,27,1000000,9,39,81,99,46,100,73,4,24,93,55,67,42,45,9,67,8,72,1000000,6,31,1000000,95,83,8,63,51,100,63,62,25,15,38,19,97,25,33,94,37,90,80,66,49,41,34,29,84,48,39,93,85,63,1000000,76,9,88,23,2,24,67,97,40,22,1000000,24,46,54,0,6,83,1000000,75,43,1000000,72,84,67,1000000,45,9,80,76,64,12,5,36,98,21,96,83,33,1000000,55,43,98,78,91,30,79,47,71,25,85,34,49,55,69,81,12,57,61,70,69,53,47,75,45,42,74,19,68,1000000,2,77,68,35,72,61,26,38,27,54,56,89,97,37,69,34,74,21,33,35,29,89,78,100,36,94,93,42,41,18,70,86,67,77,77,30,18,4,52,4,46,38,17,49,61,21,21,1,52,59,94,79,69,73,39,67,91
46,19,14,13,62,76,63,1000000,59,50,4,52,25,1000000,46,79,52,93,35,13,14,79,1000000,90,2,29,90,37,50,20,80,23,59,97,34,76,79,58,38,25,50,12,23,24,94,10,21,90,42,14,68,54,1000000,30,23,55,83,27,52,85,40,96,1000000,23,54,70,65,2,62,88,30,83,69,28,91,2,65,23,16,92,94,4,21,13,42,89,12,86,56,0,31,41,59,1000000,94,6,28,96,35,64,71,90,49,32,1000000,85,70,9,48,21,23,42,67,20,48,33,9,3,83,60,64,19,89,1,7,22,15,57,40,58,58,39,55,47,11,15,79,15,15,90,48,3,17,77,82,71,74,50,24,95,51,99,81,6,26,76,84,90,55,96,67,65,13,46,11,71,9,30,97,1000000,55,79,37,51,62,66,85,32,67,73,84,93,25,5,74,60,17,40,27,45,4,25,11,56,32,54,85,17,1000000,82
24,14,7,42,1000000,84,91,60,22,24,85,9,7,1000000,23,78,91,25,68,60,58,34,89,74,50,1000000,12,13,57,59,94,64,3,92,78,33,4,68,49,56,38,48,85,5,40,73,70,69,47,15,38,51,71,14,21,74,63,42,91,29,21,21,88,18,24,13,6,89,72,88,70,79,18,54,77,3,58,62,78,48,57,84,1000000,13,60,1000000,64,77,33,6,0,61,100,19,72,75,49,45,34,86,1000000,44,66,69,1000000,70,24,7,12,83,40,19,52,79,12,69,76,16,32,16,26,40,45,78,26,42,69,25,22,48,26,29,16,6,58,1,96,76,1,46,97,31,71,83,91,46,23,84,77,60,14,47,1000000,49,4,30,85,45,37,84,8,98,48,57,74,48,79,24,98,79,70,60,39,39,31,66,4,5,45,35,30,62,45,33,50,1000000,38,57,42,84,48,88,96,1000000,15,20,21,47,42,79
77,64,55,20,35,11,42,84,6,41,9,78,20,29,82,28,12,21,12,37,16,63,1000000,90,32,58,16,60,67,9,87,63,37,100,3,23,1000000,75,63,52,9,27,22,77,89,50,5,34,99,96,82,65,48,59,21,1000000,26,70,10,75,48,95,92,69,82,26,66,49,13,71,44,1000000,64,10,95,53,18,61,54,96,22,54,81,47,1,74,41,90,30,52,4,0,80,46,59,31,58,4,22,47,34,16,75,68,54,85,7,84,78,13,82,37,57,59,33,27,40,1000000,47,44,87,92,24,1000000,32,32,35,22,70,24,62,47,16,17,51,1000000,27,43,71,71,38,100,9,8,63,67,94,7,54,47,79,48,56,55,1000000,78,1000000,95,58,8,94,76,85,69,15,1000000,87,1000000,50,9,28,90,56,1,45,95,66,1,13,15,41,7,83,99,31,29,51,62,5,43,75,93,1000000,30,89,18,28,57,65,57
97,79,95,84,22,38,42,77,27,33,17,56,5,92,88,48,19,91,84,71,81,82,4,82,13,85,82,24,82,16,18,71,49,84,76,14,33,1000000,100,16,50,77,98,19,34,23,30,95,85,95,39,94,32,1000000,6,88,47,7,6,5,48,27,36,90,1000000,78,13,84,16,47,99,66,59,59,100,60,83,88,36,62,1000000,24,38,22,27,71,35,96,95,30,8,31,0,50,91,12,24,8,26,3,60,67,89,96,70,47,1000000,24,70,94,77,48,72,18,59,32,74,93,24,33,13,15,10,31,27,99,12,1000000,8,59,23,64,28,76,48,64,98,27,96,20,9,19,93,1,23,39,49,91,29,44,3,67,48,35,28,77,64,35,19,70,41,1000000,57,9,17,13,1000000,98,65,6,1000000,3,87,91,91,78,21,43,38,5,28,4,60,13,83,56,93,92,5,95,80,1000000,96,4,68,84,60,1000000,74,47
41,68,79,40,89,31,24,37,9,68,45,19,1000000,76,23,82,73,36,60,96,60,24,71,26,81,74,6,49,89,85,63,65,26,10,61,56,30,40,7,18,16,96,40,46,87,53,55,23,67,37,10,78,39,84,1000000,29,74,59,36,53,16,10,77,46,53,94,34,77,76,31,17,76,96,61,1000000,22,31,56,1000000,98,14,85,55,30,63,69,48,28,41,31,56,78,94,0,3,49,72,42,94,23,99,100,27,60,98,30,36,45,63,59,13,22,65,44,51,19,60,51,82,18,65,98,1000000,56,94,41,94,23,36,92,44,93,62,1000000,67,91,25,74,85,2,84,19,83,66,1000000,6,24,37,94,11,56,72,87,62,32,74,97,90,22,15,32,79,45,23,5,41,68,99,97,12,18,50,67,22,87,20,23,1000000,60,28,64,1000000,43,84,100,50,23,58,33,28,12,5,37,9,96,64,65,43,40,1000000
21,30,96,94,17,70,60,10,37,69,79,44,39,20,80,20,32,1000000,45,72,65,17,17,62,61,70,89,40,60,44,17,1000000,63,70,38,99,14,81,84,61,25,98,66,52,63,95,71,41,84,36,50,3,88,60,38,1000000,45,80,40,33,99,64,82,48,15,32,30,1000000,77,54,14,25,75,21,87,81,12,13,73,4,70,70,93,62,1000000,75,96,15,23,16,80,68,71,5,0,49,37,86,74,1000000,7,57,5,7,67,59,70,3,59,45,2,20,11,27,1,71,67,77,73,9,3,90,28,53,91,85,69,43,37,28,61,20,70,65,19,39,5,90,86,93,93,53,50,75,1000000,61,86,4,42,82,59,52,18,61,74,22,15,62,75,44,30,99,42,28,85,29,44,57,68,16,61,87,3,17,47,32,10,67,44,68,27,79,58,26,63,91,10,4,23,63,18,98,1,18,70,54,36,71,52,30
9,76,94,80,1000000,33,4,1000000,98,61,14,68,42,42,63,25,58,94,83,53,78,26,71,32,96,24,46,1000000,21,82,66,94,96,26,5,93,78,51,10,17,3,80,48,40,32,80,39,67,39,65,1000000,37,21,12,55,23,29,66,55,89,94,1000000,92,84,27,80,21,58,17,43,45,27,1000000,21,64,35,56,80,56,38,79,28,53,39,47,97,19,23,20,91,9,82,76,58,56,0,45,30,39,70,58,36,77,99,26,22,64,17,8,31,36,7,75,25,60,74,72,52,62,17,40,72,7,23,59,33,48,44,36,99,17,82,46,79,22,21,17,59,93,70,45,21,82,9,53,73,18,27,33,17,78,81,1000000,94,68,31,98,76,46,31,26,67,100,65,85,1000000,22,22,58,80,1000000,1,2,75,13,28,48,3,35,38,42,37,90,98,71,95,83,44,16,88,46,25,22,78,31,93,15,42,50,5
74,43,55,41,33,8,75,79,72,45,91,75,68,33,48,98,29,37,95,50,25,43,56,63,20,25,35,80,73,74,65,98,60,22,76,84,1000000,64,44,29,57,4,62,87,44,77,52,44,85,1000000,81,1000000,27,35,6,10,78,46,77,51,67,53,56,84,87,11,26,49,73,63,33,52,5,60,82,15,79,11,12,34,68,46,21,74,74,41,49,24,22,94,33,13,23,22,40,1000000,0,83,96,43,100,19,40,50,11,68,84,92,24,52,24,4,90,88,52,33,99,49,57,62,78,85,71,54,10,58,1000000,64,87,14,29,37,64,2,89,5,99,52,69,97,6,58,19,32,34,14,77,79,88,1000000,73,43,99,37,5,11,93,68,88,84,44,1000000,29,64,51,70,23,68,18,47,64,45,1000000,39,10,1000000,5,70,45,60,47,27,55,88,32,39,82,8,65,82,41,1000000,91,75,54,96,52,72,76,1000000
53,67,82,60,10,15,71,29,48,72,86,21,48,1000000,40,69,2,62,18,99,81,1000000,59,44,4,75,72,72,35,18,90,21,57,58,70,26,2,49,55,35,39,74,100,39,76,59,74,1000000,1000000,58,87,80,52,78,21,77,47,7,73,35,34,7,1,71,98,51,1000000,28,40,60,57,87,25,8,60,69,65,64,57,42,98,70,68,82,85,44,97,78,53,1000000,22,11,46,60,4,71,37,0,1000000,36,69,40,27,39,61,72,51,82,32,40,92,72,8,17,10,34,70,85,94,58,57,31,1000000,9,80,35,16,73,7,5,79,66,21,92,7,79,56,82,9,31,88,85,28,49,66,12,50,76,10,39,76,8,35,76,1,5,20,27,14,87,1,54,89,72,90,55,2,90,65,59,24,32,79,84,17,27,83,41,30,85,72,71,70,12,45,99,93,7,2,8,23,56,11,80,90,71,93,67,42,58
13,10,36,36,100,24,42,79,40,32,18,5,1000000,59,98,75,17,38,71,24,87,32,42,14,21,96,74,32,96,94,97,73,58,57,23,64,11,22,84,49,42,32,21,75,66,100,53,52,4,9,90,71,89,67,71,47,3,92,35,30,84,14,73,6,48,48,1000000,51,64,13,40,20,98,23,3,53,49,50,17,77,52,90,73,37,58,32,36,63,1000000,80,42,62,84,28,66,61,30,25,0,11,1000000,95,39,25,66,35,81,54,66,65,29,78,1000000,37,5,9,77,30,51,29,57,18,42,4,29,27,65,99,49,20,97,42,67,34,4,98,23,17,61,52,81,98,41,49,64,4,11,90,36,98,79,15,80,21,80,90,43,49,49,97,49,95,75,23,100,86,16,8,1,65,50,99,39,22,49,13,62,69,59,97,76,11,94,30,61,59,89,17,66,4,1000000,51,62,33,70,35,80,100,26,92
88,17,85,99,77,15,44,26,1000000,78,79,22,75,34,37,52,44,8,37,53,41,35,28,24,92,53,63,31,46,52,7,78,68,65,10,91,98,67,80,10,1000000,6,60,59,29,100,72,42,56,97,94,32,74,57,82,43,77,35,19,48,64,1000000,16,55,24,81,80,6,14,76,1000000,30,53,64,93,34,46,16,29,80,58,1,36,84,97,3,20,18,34,91,11,45,74,55,69,74,83,53,9,0,45,58,34,95,22,32,1,3,36,89,64,20,32,1000000,62,50,90,31,97,52,50,7,20,24,11,73,98,92,63,4,40,28,20,83,13,94,30,38,51,70,97,39,75,66,24,62,41,68,42,1000000,94,31,1000000,63,73,41,27,24,59,21,75,61,95,88,96,47,81,56,95,9,21,24,41,86,30,55,46,79,60,79,66,24,97,82,28,4,44,45,15,93,23,89,83,42,10,65,28,56,93,89
1000000,56,73,88,6,15,26,72,5,94,24,68,45,87,91,3,1,58,47,57,59,27,93,94,12,57,68,19,79,63,41,43,65,82,53,63,27,33,41,33,47,68,98,40,79,41,79,75,18,45,65,65,42,32,69,9,82,3,55,52,51,1000000,17,24,56,3,56,48,8,50,27,10,25,77,10,61,20,84,51,1000000,13,87,43,98,9,46,17,97,72,94,27,2,69,17,11,1000000,81,42,98,75,0,53,26,50,100,69,1,82,13,44,10,72,27,92,37,17,59,53,63,100,94,1000000,57,39,1000000,44,52,50,74,49,22,21,84,75,21,23,12,84,1000000,1000000,71,44,19,29,7,17,1000000,88,32,62,46,48,30,20,51,56,99,80,87,2,58,69,55,31,14,19,85,40,92,83,100,78,23,66,37,53,40,66,45,91,28,24,69,75,34,70,68,23,2,99,74,62,62,23,93,14,58,68,62,81
1000000,15,87,32,22,80,95,49,44,18,56,59,81,1,67,12,53,5,12,25,6,40,42,42,100,40,80,40,91,78,37,39,95,24,12,3,18,21,27,77,16,34,72,4,100,71,7,43,41,46,14,64,24,40,6,66,100,39,43,7,64,53,89,70,76,83,96,55,5,1000000,32,39,85,99,89,78,23,12,40,85,67,33,99,46,40,33,41,21,68,67,45,36,33,31,30,82,39,68,33,5,88,0,5,37,39,82,97,12,75,54,38,8,80,94,8,20,25,1000000,54,55,37,17,63,24,74,36,51,11,99,1000000,1000000,4,75,79,85,2,53,16,2,1000000,15,92,32,14,97,6,99,25,20,34,63,87,1000000,73,12,8,1000000,31,18,21,7,81,44,69,95,31,19,42,30,38,10,40,24,100,12,10,89,44,48,1000000,72,1000000,20,99,1000000,26,66,44,75,40,59,48,75,10,79,45,32,36,79,50
60,63,64,1000000,83,28,67,60,30,5,43,46,46,3,6,61,6,13,88,19,58,48,32,2,70,1000000,94,56,92,31,64,1000000,56,59,91,99,37,54,10,9,69,11,60,21,43,16,77,97,78,1000000,46,72,79,13,34,59,3,26,66,66,36,86,4,17,54,3,27,85,32,85,59,1000000,13,1000000,60,65,15,68,69,46,35,96,97,59,7,10,8,46,40,95,60,39,58,82,30,90,73,28,54,81,93,17,0,39,99,2,15,78,48,96,6,84,51,15,97,25,78,36,63,69,84,18,10,100,19,47,55,1000000,90,47,9,86,92,100,15,38,79,40,20,46,94,94,35,38,57,85,89,96,18,26,13,27,19,45,43,42,34,85,41,15,97,30,20,68,37,44,34,54,76,31,100,23,18,79,1000000,72,68,86,13,10,58,23,1000000,69,18,90,79,57,11,80,96,70,66,66,39,94,81,99,48,1
58,38,12,25,94,95,60,57,11,19,53,19,8,91,82,37,13,12,58,54,29,1,22,51,49,66,94,81,66,4,1000000,4,59,60,35,1000000,44,81,99,77,6,68,54,21,98,18,81,90,1000000,90,21,39,31,52,95,9,64,66,15,32,62,48,41,14,87,22,51,66,68,17,35,88,64,44,25,15,60,38,32,20,56,100,49,11,95,74,13,16,79,43,84,39,35,72,43,1000000,93,72,90,83,78,2,100,0,18,20,14,55,62,74,76,32,15,28,77,33,5,82,70,1000000,58,13,40,35,14,52,72,66,5,99,81,67,20,26,20,63,9,6,57,3,40,57,45,52,69,29,24,57,61,66,18,64,22,30,61,23,49,16,50,72,42,92,2,33,23,66,60,12,37,17,68,25,38,35,34,70,24,11,21,69,2,39,16,72,90,91,75,88,2,31,8,35,42,54,19,16,3,11,72,61
18,42,100,23,33,93,74,17,47,99,30,56,77,95,6,95,6,17,50,92,55,6,47,15,34,13,19,80,35,42,63,51,19,40,4,32,31,83,27,9,41,79,20,51,100,30,97,42,56,59,91,8,49,66,10,13,53,11,42,68,61,64,11,75,16,61,1000000,46,57,43,55,9,72,96,84,28,67,6,94,51,22,43,1000000,1000000,75,72,2,22,72,84,76,32,98,47,74,3,82,53,47,24,91,68,15,1000000,0,12,3,9,75,22,34,57,83,55,17,1000000,72,14,27,67,61,67,69,1000000,86,14,12,7,3,55,92,21,28,74,66,82,70,85,25,50,62,62,82,46,89,3,20,43,58,1000000,21,74,31,84,28,22,72,17,1000000,17,59,4,61,63,7,36,55,7,98,24,83,61,76,90,62,33,11,86,38,66,88,14,34,97,21,77,50,68,26,86,20,27,64,62,92,3,87,60,48,94
94,5,11,17,58,1000000,2,2,60,89,51,92,22,82,61,17,20,17,23,1000000,14,22,65,66,59,44,57,9,36,15,72,96,99,49,13,89,29,42,1000000,38,97,96,30,40,77,82,86,6,64,56,53,38,82,62,50,50,88,1000000,72,64,50,4,21,19,70,88,10,60,42,38,35,64,84,3,6,26,71,3,74,10,37,89,65,24,88,52,94,62,40,28,1000000,49,9,30,21,63,70,21,3,10,72,96,46,13,50,0,44,64,1,99,24,43,84,1000000,23,55,39,39,75,77,88,71,39,1000000,79,59,78,51,63,91,52,55,85,66,15,9,1000000,50,21,24,48,46,75,28,87,42,47,35,57,20,99,54,89,1000000,1000000,65,28,2,39,1000000,32,76,64,45,41,94,69,73,41,86,39,75,22,61,1000000,78,81,1000000,79,85,90,67,70,18,60,30,35,85,57,100,51,58,12,86,98,83,84,25,48,32
77,72,28,45,70,29,94,34,40,89,55,6,17,32,33,56,16,83,79,1000000,36,62,5,24,14,40,1,86,85,84,31,100,20,34,31,18,7,48,1000000,93,44,3,70,23,39,58,59,70,60,27,84,63,7,47,83,71,100,26,39,64,68,21,17,64,36,42,29,36,95,57,27,67,84,75,97,72,69,89,88,81,56,86,12,5,91,32,22,1000000,51,39,40,66,78,76,7,88,32,37,66,78,97,4,22,95,27,53,0,89,75,77,10,19,50,30,77,55,23,35,38,4,63,10,46,89,12,97,68,16,47,12,78,53,11,1000000,40,16,88,20,39,72,69,95,1000000,55,27,67,33,1000000,83,60,50,86,1000000,68,93,89,41,1,46,33,41,77,19,9,91,99,85,27,2,76,43,8,31,19,44,61,95,73,24,60,74,51,81,95,73,16,29,37,79,27,30,46,48,9,1000000,36,1000000,82,1000000,82
46,41,86,68,68,51,64,14,72,80,15,81,25,81,8,70,57,60,84,89,5,79,1000000,38,45,89,57,62,24,4,58,14,59,37,55,29,8,91,38,1000000,42,14,67,12,50,47,56,97,45,25,1000000,46,32,84,95,58,28,13,50,40,51,98,83,49,99,32,15,79,24,82,80,95,70,86,1000000,60,100,49,96,1,10,41,34,69,35,64,1000000,66,65,1000000,91,90,98,31,95,41,31,98,78,77,97,30,78,78,63,12,12,0,15,84,75,93,81,96,66,87,47,14,97,1000000,77,52,81,97,58,65,80,76,54,41,65,65,51,39,36,71,82,96,94,3,32,22,2,35,23,10,20,84,59,41,45,31,48,56,1000000,70,71,78,60,7,25,76,35,48,3,24,70,1000000,41,60,37,96,43,70,55,29,89,32,1000000,11,84,48,1000000,73,65,71,60,76,42,27,1000000,48,81,32,66,82,73,57,51,74
1000000,40,12,11,23,62,95,82,36,37,25,64,3,98,33,41,58,64,56,32,66,3,65,75,97,13,25,5,38,98,78,26,99,26,82,29,57,1000000,69,92,44,35,11,89,46,3,15,26,55,71,15,34,80,76,1000000,33,28,35,1000000,50,90,24,1,34,30,79,1000000,75,95,60,67,62,58,43,76,31,49,65,76,40,30,64,10,23,34,1000000,100,1000000,22,91,10,48,73,1000000,47,71,28,34,1000000,28,6,58,45,4,20,54,1000000,76,0,38,15,17,3,1000000,84,20,48,17,42,86,13,24,91,8,79,71,86,60,56,99,89,67,89,98,59,1000000,10,36,1000000,65,38,23,7,20,87,69,30,24,68,39,27,16,11,12,1000000,37,72,74,13,68,38,87,74,98,1000000,61,76,53,83,23,76,44,43,66,87,63,96,97,52,65,26,49,36,99,31,1000000,100,29,2,24,80,85,54,48,96,97,44,14,22,97
9,16,2,56,83,83,55,73,20,94,2,40,83,7,11,79,44,97,10,67,7,49,6,75,74,74,49,94,37,1000000,31,90,73,58,68,44,63,18,40,11,11,1000000,93,54,49,49,94,46,70,3,12,24,20,91,57,55,52,25,63,10,64,78,59,93,100,48,7,86,88,22,14,93,36,22,4,12,68,5,6,64,11,83,48,82,63,46,26,1000000,45,72,43,50,52,98,64,90,62,75,42,46,91,9,100,1000000,22,38,91,28,41,0,76,74,94,67,69,60,76,37,28,84,64,99,57,47,71,23,38,32,73,50,74,91,90,57,33,9,90,19,93,41,57,67,74,85,71,97,11,32,3,82,5,58,45,9,78,19,51,28,77,16,4,96,88,25,22,88,1000000,51,67,79,65,45,92,42,32,64,23,7,47,8,51,95,24,38,3,71,85,32,98,20,55,84,80,96,1000000,62,48,49,77,35
1,11,39,88,24,97,66,94,73,44,39,28,16,1000000,65,18,51,55,44,80,34,61,42,81,50,13,83,66,45,85,72,52,70,72,18,5,1000000,61,76,49,50,46,56,1000000,50,2,39,57,63,47,33,38,64,69,1000000,66,88,1000000,48,84,46,47,6,63,36,3,60,54,90,42,88,47,17,42,15,10,47,5,44,26,40,90,47,79,55,85,97,3,23,35,44,54,96,18,34,8,26,22,72,27,45,74,65,97,96,32,83,91,75,51,0,33,25,29,46,56,36,67,100,45,70,45,66,83,20,28,9,93,47,19,6,99,70,73,8,85,34,15,42,19,14,60,41,79,66,33,17,45,77,56,1000000,35,53,37,60,60,51,99,16,5,2,1,63,99,72,67,31,33,18,80,84,54,84,49,85,17,24,1000000,88,12,39,89,48,48,39,99,20,17,12,11,19,7,13,18,97,5,70,48,32,63
56,67,49,69,29,87,86,78,96,97,64,80,55,1000000,81,1000000,33,99,38,58,28,50,91,32,52,42,60,4,88,23,26,56,62,14,73,56,46,70,2,2,1000000,29,97,90,75,91,43,1000000,33,51,21,53,25,1000000,22,7,30,94,89,28,66,39,84,63,63,45,72,90,74,83,67,5,5,16,53,83,65,2,53,13,80,4,1000000,56,66,32,54,56,66,52,82,45,11,34,1,49,65,95,32,54,10,32,84,9,48,69,96,32,90,69,52,0,1000000,99,16,48,95,44,12,74,68,32,81,72,52,90,1000000,38,23,33,76,39,36,40,83,33,19,9,82,12,97,42,52,90,51,39,60,81,71,14,69,86,71,6,34,88,42,39,71,92,58,12,27,1000000,4,8,34,18,57,69,1000000,40,53,1000000,16,15,85,18,74,79,93,87,89,84,31,62,36,45,74,74,16,69,80,73,65,42,36,61,2,39
52,21,1000000,64,31,81,35,76,74,46,96,39,47,99,6,70,98,45,17,1,9,41,15,49,87,54,44,63,46,53,8,73,57,22,89,49,35,85,87,67,11,55,4,88,98,32,35,17,54,20,69,27,23,79,65,85,75,15,80,34,47,11,54,21,65,12,82,71,6,86,1000000,96,76,50,63,33,81,86,19,55,73,38,59,14,34,87,18,65,37,1000000,76,64,63,89,7,1000000,52,84,51,85,72,2,18,53,67,56,98,65,93,37,1000000,21,0,31,7,19,95,48,48,34,29,51,77,93,67,61,3,36,11,90,56,91,29,20,24,81,19,67,42,71,50,50,69,3,31,22,75,81,84,52,56,59,1000000,61,81,64,49,39,96,51,68,47,45,85,42,60,15,80,21,65,30,10,93,73,70,43,91,60,95,38,28,14,64,23,48,34,20,50,93,90,11,17,26,44,81,87,18,6,3,1000000
85,92,75,20,30,77,34,94,58,25,1000000,92,11,45,88,85,69,94,39,30,97,31,86,63,1,82,36,1000000,98,32,49,80,77,98,76,54,48,22,32,98,23,38,12,74,36,20,5,63,26,45,11,63,18,2,96,71,23,100,27,13,19,82,3,10,94,7,91,79,70,14,1000000,26,95,48,20,97,36,1,29,93,7,95,88,40,82,6,71,80,84,81,46,41,1,57,92,7,16,85,47,91,19,5,57,1000000,86,35,48,45,27,16,95,48,1000000,0,71,68,62,33,76,38,1,69,80,7,87,100,74,95,60,12,73,79,89,5,24,16,55,63,87,64,54,28,63,14,40,78,42,98,1000000,20,23,86,58,38,95,89,18,38,50,73,23,6,13,97,5,23,53,1000000,97,82,91,13,1,59,35,16,33,86,51,57,78,51,71,11,32,34,52,1,1,1000000,82,62,68,17,53,42,3,12,53,88
24,4,54,1000000,1000000,89,12,87,20,12,14,74,95,26,64,32,72,33,48,88,98,82,46,93,6,93,71,81,82,47,51,31,56,21,84,86,42,32,9,47,66,81,85,72,2,1000000,27,97,75,59,1000000,61,1,61,100,5,1,67,1,90,72,1000000,6,35,11,97,75,46,65,100,31,22,16,97,1000000,77,36,22,56,27,48,97,26,64,1000000,74,12,88,38,23,54,96,17,96,1000000,78,94,69,27,92,19,37,53,99,43,62,17,58,13,45,67,32,68,53,0,13,42,33,56,24,9,85,15,1000000,9,93,57,45,59,69,31,79,65,88,9,76,62,45,27,2,92,5,12,27,4,47,43,53,97,31,1000000,97,48,54,1000000,65,68,43,10,2,11,87,45,71,92,85,1000000,88,73,8,44,42,42,63,13,9,15,58,96,24,36,100,80,25,85,19,64,74,59,1,95,9,47,84,19,36,68,1000000,69,61
57,1,11,39,19,4,46,83,4,31,85,4,96,86,92,94,6,3,79,2,53,28,39,38,16,2,34,23,68,32,33,20,11,1000000,98,58,92,17,24,47,9,1000000,97,27,78,13,31,99,57,40,74,39,5,20,74,28,33,25,22,2,86,47,72,54,1000000,58,37,79,35,10,1000000,65,67,43,19,54,27,44,1000000,55,28,80,54,91,42,51,9,67,1000000,87,1,41,41,9,11,66,40,67,30,17,33,37,16,53,31,17,16,32,28,1,94,50,74,45,73,0,81,10,72,29,19,1000000,17,72,5,53,40,5,25,41,68,89,92,70,20,44,53,99,88,2,40,71,32,12,48,64,36,84,18,82,1000000,52,99,60,11,86,78,50,20,77,5,58,31,6,42,80,92,49,90,90,75,26,44,59,39,21,35,86,68,1000000,19,17,51,7,65,3,73,23,18,41,7,20,25,13,22,19,81,96,12,93
92,25,19,94,13,90,55,94,56,75,47,39,58,19,35,31,42,19,84,42,74,25,46,57,81,12,71,22,24,87,1000000,96,28,95,5,9,66,10,44,55,78,74,22,63,67,1,80,94,54,27,2,50,19,79,59,27,23,99,25,85,1000000,87,39,100,8,19,79,91,28,79,27,70,84,46,29,16,5,24,78,50,84,61,92,25,54,2,73,2,52,24,30,21,42,85,87,57,75,57,1000000,97,30,20,70,12,98,27,4,47,22,24,73,92,1000000,14,74,8,0,86,88,37,97,28,78,14,9,80,8,26,55,14,53,49,11,73,81,1000000,77,86,33,26,75,36,15,33,35,29,10,53,93,86,64,86,2,66,99,1,1000000,1000000,1000000,16,12,86,59,95,1000000,28,28,62,5,92,61,27,13,10,39,75,95,84,29,46,72,91,24,60,16,78,51,99,1000000,44,14,27,81,97,10,1000000,92,14,46,71
1000000,100,35,87,5,87,62,60,47,87,3,21,71,80,42,99,60,49,66,25,73,82,1000000,40,90,90,92,24,1000000,24,94,86,33,56,80,1000000,76,76,67,17,87,3,38,1000000,67,60,40,61,89,15,55,100,49,94,72,47,3,45,16,11,96,5,27,61,65,60,1,19,56,60,63,76,53,5,1000000,40,1000000,11,66,84,19,1000000,72,54,15,1000000,76,1000000,4,63,42,54,73,68,27,42,96,82,39,42,20,46,71,32,1000000,16,96,55,88,52,38,78,74,71,34,14,1000000,0,1000000,63,79,14,17,46,2,98,75,24,28,36,93,27,43,100,48,35,22,9,66,73,9,30,66,98,90,15,41,77,89,65,57,17,1000000,83,68,20,86,74,7,49,18,14,21,92,77,1000000,87,52,57,15,16,55,98,32,88,17,7,60,84,16,47,80,22,96,24,43,17,56,12,61,46,97,90,46,89,92,83,54,54,47
95,45,75,27,64,30,3,13,5,73,89,45,83,1000000,34,92,24,62,95,45,82,91,1000000,5,1000000,12,55,19,99,81,64,97,77,47,82,32,37,98,7,50,66,63,12,66,79,41,24,1000000,23,14,24,30,43,47,79,93,79,70,89,16,59,25,73,90,85,53,1000000,66,2,71,44,59,67,39,1000000,3,4,1000000,72,60,13,1000000,15,92,98,28,79,15,31,75,36,42,68,69,6,69,14,98,58,43,82,57,64,27,18,58,90,68,39,39,69,55,82,85,92,11,12,85,0,1000000,3,62,65,43,95,1000000,6,15,2,78,40,99,70,3,65,48,4,10,39,63,1000000,8,77,35,16,14,39,56,32,52,34,50,90,35,8,93,12,75,99,82,91,74,11,27,22,100,47,8,88,7,43,51,49,64,1000000,91,64,11,96,6,62,19,83,15,6,28,24,46,37,17,19,80,59,51,30,33,40,39,99,91
79,21,61,40,66,26,22,1000000,45,64,57,7,84,60,14,25,27,36,1000000,37,62,12,86,1,96,24,1000000,76,58,63,62,30,76,63,43,13,78,18,1000000,17,90,34,95,86,85,1000000,86,33,22,57,75,75,74,3,92,59,16,54,43,61,2,4,68,91,69,89,97,89,90,3,14,80,3,61,51,81,81,48,38,58,52,40,90,66,94,44,69,18,1,99,58,58,24,24,48,32,60,81,69,50,74,29,98,16,39,14,68,58,89,58,90,99,20,65,50,9,69,44,35,0,91,3,80,81,89,17,86,63,66,77,2,60,21,45,81,100,18,82,46,60,1000000,68,70,7,20,50,64,79,55,86,1000000,38,8,3,2,16,29,62,82,61,26,64,98,89,14,13,3,4,1000000,64,26,14,3,1000000,59,81,21,26,58,80,99,32,97,42,72,9,2,16,1,7,94,22,91,26,1000000,19,21,28,84,22
9,90,35,61,71,80,1000000,96,38,69,65,34,8,22,15,54,94,1000000,69,49,33,15,78,29,45,76,96,34,15,15,6,35,26,47,48,38,6,16,22,47,73,42,20,1000000,53,64,55,33,93,73,18,22,53,61,81,5,1,60,5,68,73,52,30,31,55,42,28,99,42,17,95,53,35,42,83,29,17,65,46,70,45,95,30,72,74,5,60,28,56,17,46,86,76,24,1000000,55,32,15,64,40,82,2,75,19,9,93,63,93,8,98,82,19,61,74,70,67,3,50,11,73,0,39,83,19,63,97,72,61,15,24,6,42,91,84,99,21,99,51,59,46,22,84,1000000,21,13,15,28,74,95,2,30,20,10,95,81,61,4,76,12,14,9,88,71,42,58,85,65,78,100,35,24,85,55,28,57,3,47,28,25,39,28,6,86,22,34,4,79,67,58,65,20,95,37,17,43,57,62,87,82,95
97,86,59,24,56,27,30,71,6,11,29,1,85,75,16,68,9,12,68,24,78,83,56,12,84,1000000,93,31,3,17,13,36,81,5,1000000,47,8,1000000,29,41,1,22,8,43,9,94,43,93,32,46,47,1,12,62,54,2,41,95,28,31,90,1,8,48,100,77,33,66,51,96,1000000,43,98,54,45,37,98,22,33,10,64,37,48,98,2,32,88,45,14,1000000,40,25,1000000,51,64,48,58,56,52,95,83,54,42,1000000,15,22,42,43,66,89,1000000,60,74,64,46,90,99,81,10,30,78,0,92,34,47,24,9,38,81,74,6,85,60,26,10,40,85,1000000,41,33,89,45,45,15,51,92,100,22,11,67,39,1000000,69,22,1000000,62,80,73,94,47,47,20,43,4,45,30,30,55,56,40,54,29,41,4,28,95,56,14,26,9,78,16,38,90,4,20,93,40,2,37,8,75,77,39,95,26,29,39,78,16
55,67,79,9,77,65,37,1000000,91,92,14,88,10,2,86,10,47,50,63,67,38,4,34,58,58,13,25,21,51,93,94,29,59,1000000,18,7,46,83,71,42,31,70,20,87,16,37,52,99,30,69,58,51,5,32,4,95,79,32,22,31,98,23,74,37,38,20,10,73,47,70,71,47,38,42,20,7,79,56,93,39,91,91,47,71,91,78,1000000,75,59,56,77,54,30,94,90,73,68,64,32,83,33,90,90,83,14,53,19,17,90,31,67,51,40,48,23,55,30,30,99,30,67,56,0,16,35,26,25,59,1000000,33,23,25,81,72,47,4,16,83,85,39,72,13,40,39,25,39,30,52,77,70,4,33,1000000,42,98,74,95,1000000,42,24,24,22,100,1000000,83,62,54,25,97,66,1000000,15,95,51,50,1000000,98,18,69,55,41,82,77,48,91,56,93,57,7,93,78,1,17,75,91,15,1000000,79,99,91
23,78,91,13,82,91,97,10,27,44,98,53,90,8,60,32,69,61,86,78,45,16,6,40,10,96,95,22,86,89,34,73,11,51,84,7,79,44,60,1000000,86,87,74,42,66,1000000,44,21,50,29,14,93,16,1000000,73,50,41,41,32,76,89,20,31,48,53,11,31,2,88,39,9,36,81,79,58,42,60,97,95,19,19,9,19,69,38,65,93,88,6,12,100,77,45,79,26,60,47,85,43,1000000,29,34,1000000,42,1000000,69,2,22,7,92,47,59,75,44,89,1000000,49,32,8,2,6,28,74,0,80,59,39,25,93,29,29,2,93,36,34,67,20,60,51,83,21,56,98,46,59,7,37,1000000,33,39,20,4,1000000,37,13,15,4,40,80,92,23,69,38,76,45,53,35,27,44,52,83,65,91,84,49,24,98,74,97,62,42,62,53,20,31,5,5,83,29,87,39,46,59,98,40,9,9,47,64,9
43,94,79,77,16,36,54,1000000,77,91,1000000,1000000,4,14,56,14,99,26,69,76,21,52,86,31,14,1000000,60,35,1000000,26,1000000,23,61,11,1000000,65,56,28,52,91,26,81,24,1000000,1000000,90,88,69,18,63,50,51,98,41,31,10,79,7,53,27,40,3,60,14,44,61,27,1000000,67,44,13,90,10,98,88,85,35,98,16,39,66,25,47,69,39,20,1000000,24,4,31,13,89,96,80,60,57,95,85,69,55,53,17,68,79,34,55,5,98,79,65,12,21,53,30,63,47,30,38,70,58,31,99,62,31,0,22,46,65,69,4,30,82,54,23,76,95,24,23,44,90,59,1000000,35,50,49,39,66,45,44,7,71,76,51,44,15,51,51,60,9,83,24,16,70,71,19,19,3,73,87,32,14,18,1000000,73,1000000,25,17,75,90,84,9,55,33,82,33,96,95,92,46,80,48,20,14,79,34,1000000,76,46,68,97
33,69,91,85,52,64,31,91,54,71,52,87,47,92,51,49,93,52,35,20,44,61,58,58,87,46,38,39,44,27,75,12,50,67,16,87,67,43,80,76,89,85,84,7,51,89,33,37,79,97,62,39,93,12,52,41,62,43,48,52,97,28,28,12,52,47,92,3,69,32,38,17,63,51,93,56,6,28,1000000,56,76,41,80,13,45,53,25,39,90,94,68,100,2,8,53,47,79,22,32,51,47,26,69,56,45,68,30,23,38,5,92,28,2,89,4,61,86,67,35,54,39,79,53,18,41,0,48,48,14,13,41,28,26,66,87,25,43,2,70,1000000,14,58,15,7,74,28,44,61,65,99,35,47,54,1000000,80,80,78,37,13,23,56,39,66,82,67,18,28,86,70,35,89,59,89,27,67,54,1000000,91,38,81,68,22,85,1000000,49,1000000,80,80,63,85,44,32,91,82,22,39,82,25,53,98
18,71,4,82,76,58,1000000,70,75,1000000,82,61,64,58,86,97,58,58,1000000,75,77,55,48,100,97,1000000,3,51,31,61,79,20,42,60,10,71,89,73,61,90,19,53,62,25,89,99,97,85,60,41,52,43,45,69,7,44,42,52,36,79,34,49,81,94,77,58,91,62,78,66,83,33,54,50,97,32,1000000,2,3,74,19,85,8,93,56,8,27,51,64,54,43,32,19,37,56,83,61,30,39,25,35,54,91,23,90,3,8,13,81,66,49,76,71,99,85,28,99,55,94,47,26,35,57,26,84,31,0,91,14,41,52,53,1000000,45,21,85,32,25,93,35,100,87,91,71,68,89,66,80,82,1000000,42,63,21,99,37,49,54,83,57,18,71,52,69,81,23,2,35,86,94,84,7,24,27,83,27,57,77,69,42,16,9,33,32,35,15,61,10,100,43,84,98,1000000,8,35,45,29,12,100,78,92
1000000,25,72,44,63,31,15,22,41,27,83,21,34,40,11,38,100,14,68,36,6,3,14,1000000,62,60,20,19,48,9,62,98,21,73,96,11,75,44,63,47,76,61,20,63,23,52,78,66,81,22,58,65,12,12,29,24,76,51,63,6,2,1000000,7,27,30,16,71,31,32,73,25,61,47,100,97,19,49,23,78,24,52,84,5,67,41,45,64,53,77,37,90,1000000,28,20,66,95,47,58,53,96,9,74,36,82,54,85,22,24,90,92,5,99,86,22,1000000,11,49,71,29,5,19,25,33,74,82,1,59,0,68,5,94,69,50,20,64,81,29,59,48,34,3,1000000,42,26,62,45,27,22,17,15,9,68,75,65,81,52,10,68,9,52,2,94,31,62,64,33,63,1,23,28,95,17,51,27,44,35,1,91,95,96,85,55,82,64,20,1,54,10,33,8,75,36,51,31,67,76,67,1000000,49,16
79,56,1,100,7,14,61,56,88,97,72,54,25,62,21,23,94,70,58,41,16,31,1000000,96,91,57,59,1000000,95,68,36,63,17,1000000,63,35,5,1000000,92,77,66,4,47,19,77,57,78,46,72,94,52,88,6,33,80,42,3,47,31,86,1000000,1000000,1000000,43,83,1000000,99,48,55,12,2,32,45,97,11,52,1000000,48,73,25,96,75,22,61,98,16,22,74,31,38,8,28,82,23,38,16,5,48,34,72,33,92,79,99,72,100,40,66,3,1000000,54,36,39,77,37,11,42,90,1000000,97,44,26,28,40,51,22,52,1000000,0,45,25,1000000,2,74,13,77,93,89,67,45,78,16,1000000,100,97,18,33,12,39,67,35,28,65,90,29,27,25,36,37,53,40,4,17,18,37,29,100,67,77,36,10,98,1000000,44,46,54,59,76,46,48,37,89,68,85,39,75,10,47,89,63,33,81,79,73,100,56,5,71,77,46
1000000,13,30,84,46,35,21,6,79,56,1000000,23,76,44,82,2,44,72,10,1000000,88,21,1000000,62,100,1000000,31,11,39,8,17,64,1000000,89,50,88,98,98,41,60,44,57,63,36,48,12,65,33,45,96,96,74,94,58,75,57,53,2,89,73,43,23,87,28,60,38,56,91,8,97,73,30,66,80,8,56,80,87,49,90,3,45,31,75,38,45,7,13,100,36,46,57,43,70,64,2,7,1000000,55,69,45,60,2,24,13,52,6,18,75,39,22,11,72,35,51,60,95,53,56,95,71,78,55,1000000,13,92,39,69,58,0,74,34,67,62,21,59,26,19,97,54,16,3,2,41,82,48,25,73,48,97,80,85,1000000,53,9,82,48,66,84,8,69,11,1000000,65,55,16,2,59,8,42,25,12,7,45,23,16,17,66,74,36,87,41,81,23,53,72,56,93,93,47,38,65,27,66,30,1000000,1000000,61,17,69
3,27,50,99,28,80,62,58,20,40,71,6,45,46,2,4,76,6,34,50,8,82,64,83,21,2,53,10,45,97,75,1000000,1000000,36,54,1000000,49,52,16,22,8,3,66,51,21,74,70,33,73,72,55,58,83,3,33,16,90,66,32,82,79,47,1000000,63,15,18,1000000,87,58,21,22,83,37,1000000,43,20,33,45,32,1,78,18,70,10,42,23,57,49,1000000,1000000,32,36,39,33,6,14,3,66,99,58,13,13,87,1000000,38,49,21,96,17,16,42,47,72,43,71,93,1000000,37,1000000,83,97,64,94,11,86,75,88,28,77,13,0,85,27,99,1000000,56,91,4,82,55,93,72,51,1000000,1000000,30,29,22,29,85,38,19,80,54,25,47,27,35,1000000,29,65,39,77,65,85,53,8,23,45,93,3,81,45,25,83,44,95,92,52,81,40,4,22,53,78,64,4,7,38,15,1,81,91,79,28,31,86,1000000,68,98
76,23,28,20,11,79,52,62,70,1000000,70,92,92,27,12,76,71,34,68,26,29,73,4,51,28,73,32,50,20,48,1000000,50,59,32,37,71,54,4,70,64,57,61,37,99,38,52,42,8,44,56,13,38,56,38,58,69,58,95,44,33,39,1000000,12,25,13,17,49,56,64,86,39,38,18,33,22,79,52,61,62,19,39,49,46,91,17,56,99,54,1000000,23,19,73,2,2,1000000,85,1000000,61,12,67,79,47,93,43,63,86,85,42,1000000,2,1000000,1000000,90,1000000,23,25,1000000,26,3,73,57,78,1,22,84,89,58,19,26,18,78,0,38,60,1000000,64,62,95,62,35,1000000,68,6,99,1000000,1,56,51,58,76,71,69,55,29,9,26,21,39,63,1,90,28,79,49,64,62,90,28,95,73,30,81,53,22,46,2,28,13,86,9,79,1,89,5,53,97,68,28,61,3,100,83,6,68,30,81,42,97,57,73
1000000,1000000,76,85,47,64,83,85,32,67,70,78,18,94,37,45,94,51,6,68,1,70,14,8,51,77,35,77,5,38,32,1000000,44,5,92,90,43,1000000,74,5,2,75,46,49,40,37,67,24,94,22,34,46,47,14,85,27,61,27,77,86,95,27,44,97,1000000,32,71,68,29,61,66,68,71,21,75,17,45,5,97,66,36,27,19,44,98,40,1000000,1000000,60,5,72,59,23,98,64,41,61,56,38,29,93,90,41,31,34,36,47,80,16,95,1000000,6,5,98,64,69,28,75,13,23,73,18,81,63,38,90,2,80,52,18,93,47,0,51,100,75,47,95,96,30,6,91,47,81,8,86,41,40,84,88,80,81,49,35,73,26,46,85,1000000,6,76,8,78,31,28,9,70,65,40,83,72,24,31,21,55,91,1000000,23,1000000,97,90,75,15,96,86,8,5,49,11,87,100,36,66,1000000,86,96,99,82,65,7
19,84,36,80,79,89,26,92,10,1000000,64,96,39,50,7,59,36,52,39,96,74,69,5,93,8,25,77,24,37,23,94,75,56,80,40,79,92,97,31,54,38,26,1000000,80,1000000,51,23,6,93,9,74,87,49,44,74,1000000,12,25,91,1000000,55,81,41,76,1000000,59,6,1000000,86,50,95,96,92,53,45,78,54,12,1000000,33,6,99,89,15,86,59,77,98,52,62,44,48,20,88,85,48,57,54,74,87,43,8,1000000,96,1000000,62,56,27,98,98,22,54,24,44,89,100,65,2,75,96,82,3,45,68,26,72,92,93,38,51,76,69,83,0,89,59,42,4,96,11,74,34,30,24,28,21,59,57,51,70,40,54,43,30,92,79,84,74,8,54,90,72,67,36,61,1000000,23,49,89,51,1,3,1000000,19,1000000,29,78,39,98,1000000,1000000,75,1000000,40,25,92,4,22,67,11,15,56,22,32,93,65,10,32,46,90
3,61,96,72,63,7,83,31,1,89,52,76,37,52,67,1000000,25,16,1000000,64,15,69,4,62,6,44,39,83,90,96,37,2,12,83,40,12,79,87,93,22,94,49,13,27,80,47,55,1000000,12,87,32,51,70,57,93,5,24,39,100,1000000,57,27,76,15,1000000,44,42,80,85,25,2,29,13,99,72,95,71,75,78,72,54,91,4,96,27,28,4,56,22,97,67,83,46,51,17,2,60,1000000,1,78,45,66,3,43,1000000,89,1000000,92,87,61,44,27,95,82,60,1000000,67,39,15,45,12,58,16,50,77,54,26,86,82,61,35,9,46,70,0,70,72,69,3,37,44,40,57,1,61,48,72,97,52,5,10,81,35,88,18,39,25,93,15,91,1000000,21,71,34,16,76,59,54,2,1000000,96,39,3,45,23,73,97,39,20,25,40,87,41,70,81,89,54,88,61,41,87,24,52,18,1000000,50,22,73,31,46
34,88,48,15,1000000,9,52,32,8,87,40,45,87,60,90,42,38,76,74,1,19,33,29,43,74,73,1000000,60,29,21,52,1000000,79,1000000,99,98,83,39,64,26,75,75,2,80,87,21,91,51,28,82,14,3,18,70,46,1000000,68,30,12,18,85,20,48,65,12,42,90,77,78,20,54,99,33,1000000,15,2,72,52,76,23,25,95,1,74,14,58,75,35,32,33,21,62,78,35,84,56,88,33,42,3,14,58,27,8,32,32,3,6,16,44,40,96,40,15,88,9,74,42,94,52,67,37,81,96,16,39,95,85,63,70,18,6,89,4,1,0,81,63,31,90,51,40,15,58,75,43,72,32,31,22,45,82,25,70,15,13,52,43,51,41,46,25,74,12,83,90,92,8,45,12,29,91,47,61,52,38,12,90,32,84,94,1,80,94,70,55,35,1000000,47,92,17,96,19,43,51,32,88,89,69,11
5,25,36,15,10,94,91,56,1000000,11,14,1,55,24,30,27,81,68,23,33,13,61,90,85,23,84,50,20,36,83,23,8,69,81,14,41,83,10,34,70,1,65,93,16,76,1000000,46,69,46,45,12,53,44,49,1000000,1000000,79,94,54,44,38,66,15,75,54,71,13,75,71,55,32,61,5,87,55,95,100,1000000,91,89,1000000,33,4,2,89,60,74,48,84,91,1000000,48,69,9,1000000,1,31,80,42,100,68,42,10,26,17,24,3,77,86,13,22,96,86,63,96,1000000,31,47,1000000,23,15,57,2,33,75,40,60,68,88,23,28,80,65,31,100,11,0,15,83,51,39,25,47,33,93,92,84,54,61,16,87,84,74,1,15,90,93,67,2,76,26,59,51,35,73,57,88,53,83,67,46,82,34,27,30,63,7,15,91,60,98,47,16,1000000,36,22,10,42,80,1000000,22,38,25,71,98,28,22,22,88,7
42,11,22,95,93,33,78,6,78,67,57,83,85,53,39,1000000,76,78,32,54,25,20,8,5,66,95,20,19,73,69,18,9,47,64,78,1000000,19,20,16,92,2,71,83,94,8,20,67,33,65,95,14,59,79,72,96,16,100,10,37,5,72,59,90,69,7,52,26,96,55,74,1000000,34,78,63,12,54,18,69,72,7,88,71,22,79,6,79,55,61,100,77,58,69,15,26,31,7,56,1000000,47,55,11,24,68,49,76,14,42,72,78,75,100,27,1000000,26,62,31,30,77,60,23,55,81,67,94,67,13,73,21,46,59,83,91,94,23,58,61,95,0,4,34,45,67,18,15,10,96,41,93,87,66,16,23,3,40,80,27,25,90,20,71,58,68,36,45,50,37,9,39,97,52,33,65,31,38,21,41,9,65,75,98,71,1000000,23,32,84,20,68,52,90,7,29,80,63,7,26,48,94,40,15,23
18,80,97,63,44,94,1,34,58,46,67,100,1000000,50,34,93,30,89,1000000,14,57,88,37,38,22,19,13,1000000,29,24,45,40,85,28,31,1000000,29,88,56,31,37,26,97,1000000,5,34,16,72,98,38,39,24,73,60,22,70,63,57,19,1000000,65,22,15,1000000,85,6,6,22,14,26,33,99,97,63,38,46,29,75,79,37,7,16,66,1000000,49,35,63,26,74,3,1000000,52,27,33,64,17,80,34,85,65,81,24,54,1000000,1000000,5,15,86,27,57,44,35,1000000,19,6,39,97,27,69,65,46,70,68,84,1000000,79,88,1,87,40,72,95,39,92,59,49,25,56,0,5,69,50,72,65,76,61,32,64,53,9,69,61,27,32,42,66,44,72,51,61,98,33,38,33,48,42,33,35,1000000,19,15,28,61,1000000,73,19,92,93,39,41,31,93,81,67,15,21,83,7,52,44,63,1000000,54,17,3,56,51,73,31,35
60,55,81,96,74,99,61,60,32,56,32,27,73,73,34,35,52,39,40,72,56,29,95,2,7,87,28,19,23,91,91,1000000,84,86,67,71,85,70,27,82,7,94,6,59,56,92,16,91,26,13,95,46,88,60,75,100,1000000,73,91,68,35,35,55,97,92,76,87,8,50,1000000,29,13,1000000,61,35,66,51,4,91,72,22,46,59,99,1000000,51,93,86,33,20,77,88,84,42,33,66,53,74,13,75,97,97,2,57,3,47,73,35,48,64,74,76,22,64,12,36,79,78,85,45,46,97,3,40,27,22,4,97,79,49,52,81,31,48,84,36,23,32,83,0,12,1,18,80,47,42,40,87,76,11,87,9,52,79,90,91,48,7,72,81,90,85,53,100,7,89,1000000,18,54,5,3,87,28,85,20,26,3,66,33,6,51,36,12,63,90,57,71,25,12,88,90,34,33,19,59,85,44,30,40,44
10,64,1,95,8,1000000,96,1000000,50,23,31,63,33,78,88,65,81,27,3,99,16,62,80,76,12,35,87,99,4,6,69,78,5,83,60,71,1000000,96,27,28,1,84,63,83,77,98,66,1000000,21,49,50,23,14,66,97,81,62,60,98,35,8,87,36,39,30,66,55,12,4,42,65,85,65,71,95,4,10,33,53,55,54,17,42,20,46,12,17,1000000,27,12,26,64,66,63,35,37,91,79,39,1,69,70,1000000,18,97,29,45,56,1,84,55,28,84,1000000,14,100,37,3,71,20,10,78,1000000,30,21,78,95,32,15,79,16,82,70,47,30,80,20,37,28,79,0,13,17,88,60,67,69,81,52,6,5,22,34,88,68,93,27,3,98,72,11,6,92,4,26,2,84,82,96,21,84,58,1,16,90,1,42,57,73,2,1000000,32,100,69,54,74,1000000,75,11,23,95,41,77,23,13,98,55,36,65,1000000
14,19,36,56,88,1000000,73,6,78,28,4,94,100,24,8,78,41,33,38,1000000,83,25,39,92,39,34,20,28,36,90,46,17,1000000,2,98,36,25,71,19,50,97,20,13,61,53,59,69,17,39,73,52,97,15,25,45,28,16,4,40,18,44,35,24,1000000,33,5,73,57,71,68,1000000,58,96,81,29,79,22,10,24,13,40,74,10,22,4,74,13,77,97,45,81,87,90,93,26,1000000,36,1000000,23,75,47,37,49,1000000,83,83,91,20,4,32,19,74,91,96,70,30,69,88,78,32,11,5,49,26,1000000,64,75,20,67,78,4,62,43,82,62,13,71,1,49,94,6,0,1,85,45,31,41,25,69,58,82,1000000,2,18,20,20,75,7,12,14,13,60,2,77,30,45,67,86,95,26,1000000,41,33,82,88,62,75,40,78,29,15,79,84,15,74,2,56,20,43,45,59,87,17,21,56,22,34,17,72,1000000
1000000,30,91,40,62,89,46,87,69,51,28,2,28,67,40,77,14,30,84,80,67,37,96,72,51,20,85,85,23,48,89,7,79,64,30,1000000,5,63,93,1,95,87,51,82,94,70,84,71,66,71,85,49,11,11,23,98,68,50,91,3,1000000,81,62,31,74,29,25,29,76,86,13,26,77,34,70,99,1,1,80,36,1,21,37,12,68,56,68,37,4,51,64,56,36,54,17,42,26,33,38,49,3,56,7,37,68,42,92,71,21,28,53,28,18,93,1000000,29,93,3,16,90,38,57,51,54,68,30,27,56,36,25,2,30,91,86,30,75,1000000,62,12,46,86,74,0,53,64,74,57,93,77,77,72,20,36,65,34,1000000,21,64,5,1000000,96,53,51,87,86,80,38,87,16,98,99,99,92,66,58,99,7,1000000,21,79,60,55,83,32,25,23,2,51,94,86,57,54,71,83,42,76,59,72,6,98
58,1000000,33,16,44,100,40,10,23,55,9,16,73,19,84,70,80,55,61,97,96,39,88,50,23,12,63,54,94,3,41,44,69,33,55,47,75,34,74,66,63,7,64,66,1000000,88,28,17,1,54,24,81,38,95,93,71,1000000,19,16,47,74,49,5,42,73,1,81,27,73,79,89,89,13,79,6,53,20,25,48,56,51,6,89,23,38,71,57,73,7,29,30,60,24,6,70,50,12,47,53,1000000,98,11,83,66,20,82,18,56,17,8,29,36,46,12,61,32,14,40,11,9,1000000,65,26,48,2,1000000,19,59,65,1,70,44,22,83,65,3,23,71,83,50,73,36,4,0,17,43,99,66,52,45,1000000,38,12,63,47,83,40,1000000,95,54,42,9,43,28,75,19,1000000,21,9,33,50,84,40,74,23,17,8,38,43,4,17,16,44,12,8,3,20,51,18,93,52,1000000,66,76,47,45,1,73,18,67
88,27,48,4,1000000,8,76,62,39,20,97,70,32,46,69,9,38,17,20,58,73,8,72,85,48,39,39,82,62,89,71,71,25,45,89,28,82,90,75,95,13,97,29,49,21,18,12,18,54,63,21,49,43,57,56,1000000,19,20,57,33,80,22,74,37,31,1000000,67,59,54,84,30,8,38,62,78,5,88,95,88,87,37,100,77,67,9,71,70,51,87,49,88,75,73,69,28,53,41,32,65,64,71,30,49,17,39,14,100,20,76,3,7,80,70,85,69,60,53,72,39,3,3,16,69,85,36,10,92,34,98,96,35,68,59,86,17,45,38,60,67,28,39,53,35,34,0,3,55,4,7,20,90,45,35,59,88,56,25,1000000,43,81,41,70,5,6,30,75,25,26,22,34,57,14,3,96,34,77,15,38,93,16,33,1000000,46,67,74,41,82,16,90,11,79,83,80,78,41,57,93,61,70,2
93,35,62,40,2,70,48,9,20,1000000,6,1000000,34,25,68,28,63,4,77,86,91,81,29,53,93,21,98,34,58,46,60,94,32,51,81,42,60,97,70,16,2,40,77,52,23,7,80,18,1000000,35,30,48,85,59,42,92,57,40,88,14,72,68,77,87,69,50,49,61,50,11,75,95,41,69,54,6,71,55,21,16,31,59,41,1000000,42,41,26,39,93,15,15,3,80,90,32,80,61,21,7,17,9,55,1000000,37,32,7,1000000,41,1000000,97,63,74,82,44,23,48,11,90,96,67,87,12,72,43,72,39,52,76,57,67,75,73,4,50,7,94,67,72,58,78,70,40,20,43,20,0,40,81,60,29,39,57,3,19,28,35,61,81,15,51,37,41,83,93,64,29,25,77,45,1000000,81,87,87,1000000,2,6,93,45,62,1,5,92,44,23,28,63,95,1000000,65,40,65,54,79,17,70,47,71,61,10,70
76,3,12,58,48,66,41,87,60,82,33,73,77,14,28,22,27,1000000,45,42,47,82,32,71,75,33,42,46,50,6,72,92,3,16,13,14,1000000,78,4,1000000,8,74,17,28,91,96,1000000,53,8,97,27,93,6,93,25,11,93,17,59,49,75,36,33,91,98,1,9,16,98,57,5,24,4,90,91,63,70,78,72,83,10,90,50,88,95,33,7,78,63,61,29,72,59,69,96,6,1000000,53,1000000,81,4,2,67,11,50,55,91,70,65,49,91,22,6,16,95,62,16,79,29,30,11,1,98,52,1000000,79,16,60,92,59,36,47,40,94,80,18,65,86,39,92,25,1000000,48,89,36,94,0,1000000,2,1000000,44,77,83,30,77,2,45,39,28,84,6,82,90,76,35,15,70,68,48,19,48,60,98,8,24,61,1000000,72,1000000,3,72,6,99,21,24,91,82,56,44,43,80,63,41,28,3,1000000,96,92,39,23
72,63,100,78,1000000,85,78,31,95,96,99,81,71,28,50,47,85,22,1000000,98,27,84,71,52,75,11,36,42,10,8,9,42,1000000,61,94,53,80,28,16,20,20,1,50,93,59,100,44,58,82,8,77,85,68,18,14,9,57,15,1000000,61,55,28,6,73,6,85,69,29,64,35,26,52,85,71,82,17,1,49,13,41,1000000,78,29,71,57,50,65,90,37,62,43,6,27,93,1,33,70,45,53,1000000,100,68,42,80,50,12,90,60,8,86,7,49,66,93,82,57,49,53,20,30,18,1000000,1000000,25,54,1000000,4,30,85,76,63,22,1000000,83,66,66,49,16,49,67,53,32,97,45,7,1000000,3,0,63,16,66,1000000,55,80,79,86,79,82,58,90,51,61,17,71,10,16,67,1000000,92,21,77,80,18,29,14,83,68,2,88,70,50,95,15,36,56,64,15,9,70,17,14,66,43,97,77,30,35,24,80,44
91,73,7,73,8,75,1000000,34,53,26,96,1000000,11,17,45,8,62,29,1000000,26,93,66,86,98,40,72,69,96,99,75,12,44,44,11,63,89,53,32,41,57,86,24,68,45,76,14,95,12,73,17,97,27,19,20,13,43,94,11,3,71,45,1,44,60,92,1000000,21,76,51,12,81,72,57,59,11,65,93,1000000,86,31,82,38,33,83,90,29,59,1000000,87,31,55,66,83,14,69,28,75,9,18,82,90,55,14,15,27,28,29,46,75,93,34,99,57,29,14,1,34,40,19,55,60,92,4,2,88,24,86,63,83,30,51,9,83,20,3,87,23,73,64,12,71,2,100,1000000,2,35,26,17,0,3,3,18,31,71,100,17,94,23,19,95,39,86,18,6,34,13,71,98,33,86,38,48,63,43,35,100,18,16,22,10,16,85,64,87,7,1000000,46,33,39,77,92,39,1000000,78,60,84,13,81,1,75
9,37,75,11,70,71,17,24,73,80,85,35,45,91,23,1000000,1000000,41,60,90,1000000,71,63,50,38,74,56,43,62,26,87,74,23,34,95,29,42,5,62,60,2,10,76,45,34,35,1000000,32,53,40,38,97,49,75,1000000,31,64,37,57,9,34,55,72,48,41,13,22,6,33,2,80,62,99,25,75,62,71,88,31,87,56,5,22,49,11,37,98,23,35,51,95,86,88,35,56,98,5,3,85,83,11,1,44,27,99,66,24,70,52,18,54,98,97,54,78,75,88,59,13,48,88,46,22,27,90,64,82,4,32,67,30,68,56,10,1000000,40,31,99,1000000,2,24,50,7,65,33,68,1000000,52,42,0,31,86,1000000,88,25,77,7,17,11,100,85,6,34,78,1000000,51,43,15,84,55,19,43,92,10,26,87,65,47,79,76,99,80,5,62,92,3,82,1000000,24,67,68,11,84,47,77,9,27,92,87,36
7,33,44,38,64,20,30,73,41,85,68,31,40,43,22,7,86,56,45,93,1000000,19,33,11,31,48,1000000,1000000,66,8,20,98,54,25,46,100,36,49,32,21,96,61,19,49,95,68,23,11,81,32,3,33,65,95,44,42,64,16,78,56,54,68,99,52,17,80,8,2,34,1000000,4,91,85,45,70,30,20,16,12,77,69,51,2,17,1000000,65,13,34,51,90,19,1000000,87,87,30,86,30,37,1000000,34,81,81,100,1000000,70,72,97,84,81,56,48,79,88,12,14,5,73,69,74,65,79,65,36,40,47,84,36,87,72,39,67,27,21,32,37,13,96,94,77,72,9,1000000,8,43,32,56,48,75,45,65,0,1000000,18,26,34,35,26,8,17,1000000,71,19,39,48,88,25,54,42,70,21,77,77,89,37,62,36,47,67,73,96,76,75,22,51,37,1000000,37,31,20,55,67,79,86,63,4,1000000,48,72,92,56
81,10,5,17,7,75,81,1000000,91,49,53,92,80,62,32,68,20,88,72,85,26,50,97,42,25,68,78,10,49,62,10,35,85,48,85,93,24,88,21,76,35,4,31,21,59,42,8,49,4,65,47,12,62,70,99,25,18,72,73,91,76,25,1000000,63,72,31,97,85,54,4,1000000,55,64,78,6,59,61,74,36,41,70,72,82,96,29,14,1,92,41,98,1000000,14,54,93,51,86,40,15,1000000,1000000,34,20,34,18,28,53,37,44,11,100,1000000,97,97,93,46,50,77,59,98,91,79,96,65,4,54,53,66,51,53,15,94,36,71,25,65,94,75,3,100,40,33,41,46,13,24,93,72,79,42,77,97,0,61,5,28,13,61,17,16,2,89,4,36,66,79,99,26,29,91,88,18,1000000,45,14,16,80,95,53,30,13,5,82,21,83,74,12,88,76,69,51,80,1000000,1000000,27,35,76,68,90,55,53
84,7,31,9,69,42,7,66,65,38,99,61,63,41,81,1000000,33,75,92,1000000,54,80,15,67,86,42,54,96,14,1000000,77,90,33,79,90,20,54,92,61,14,4,79,1,77,34,93,10,61,7,13,73,73,93,16,60,1000000,56,42,29,23,1000000,24,5,16,42,38,1000000,5,33,65,19,47,93,1000000,58,10,69,72,13,78,17,89,5,97,57,37,30,82,13,73,10,15,1000000,15,34,23,38,4,77,42,36,36,24,47,54,54,87,30,1000000,88,27,19,45,49,6,49,8,31,92,84,69,41,27,14,23,30,31,1000000,55,1000000,61,1000000,66,83,91,58,75,91,56,32,8,40,55,39,1000000,12,1000000,22,5,1000000,82,43,0,65,26,79,72,33,59,47,51,10,13,79,78,64,1000000,83,91,62,74,100,45,99,64,98,98,20,45,68,22,20,91,1000000,62,24,29,61,93,37,41,78,62,54,46,53,33,77,55,64
39,100,1000000,42,50,87,93,25,1000000,13,40,44,45,57,72,53,31,56,15,11,12,65,92,1000000,40,17,64,19,19,16,64,22,53,73,1000000,82,78,15,48,92,82,65,6,6,40,59,5,46,86,63,1000000,91,72,16,56,35,81,78,13,73,5,12,90,24,74,16,1000000,61,20,62,30,10,1,26,99,44,61,22,83,74,11,60,36,86,64,46,37,98,69,29,91,23,50,3,71,20,17,96,83,63,1000000,58,26,1,73,56,90,10,67,56,86,48,47,24,8,49,49,48,30,46,78,35,1000000,21,39,84,15,1000000,19,74,13,64,60,86,74,88,54,1,92,35,98,58,42,26,16,42,73,50,30,1000000,12,19,84,0,34,54,12,1,1000000,36,4,19,33,29,62,68,53,71,91,80,1000000,73,36,14,34,62,23,48,45,77,52,52,49,79,73,25,7,95,10,79,85,58,79,69,1000000,3,84,32,20,46
74,86,76,53,1,89,85,74,85,2,58,71,31,29,58,94,18,100,95,42,80,16,91,62,95,100,68,61,46,37,54,45,78,33,31,53,73,9,32,77,44,40,44,27,51,65,5,31,3,58,21,10,49,63,82,10,15,49,54,71,1000000,12,38,40,58,11,1000000,41,100,21,93,77,81,9,1000000,42,1000000,47,24,4,51,58,47,62,3,68,81,56,21,26,95,79,61,32,22,79,80,44,76,48,4,91,8,73,1000000,80,1,45,38,64,63,54,89,64,100,63,36,57,55,1000000,10,32,48,44,30,47,86,79,16,35,75,11,12,99,18,20,24,47,35,85,1000000,1000000,75,93,18,47,87,61,44,100,61,45,64,51,0,22,39,54,47,65,53,91,84,88,55,76,83,76,1,38,58,23,94,27,67,47,12,25,1000000,91,13,55,40,47,1,31,22,83,94,86,6,52,81,70,43,21,69,43,3,79
95,35,14,63,66,56,18,87,95,86,97,15,3,62,2,79,70,87,41,36,57,59,5,52,96,24,11,81,69,83,22,91,96,88,10,24,57,100,11,15,66,54,63,33,90,33,1000000,37,99,66,81,55,40,37,38,44,98,69,18,100,29,73,10,38,1000000,1000000,69,53,75,50,100,69,45,96,93,26,17,82,30,34,59,2,73,67,48,85,41,1000000,21,90,28,97,4,40,40,18,87,83,8,40,80,74,35,83,89,69,92,15,99,54,52,26,95,78,2,77,19,12,18,12,65,49,4,83,35,67,5,43,10,13,58,14,72,15,83,25,83,68,95,59,77,31,20,28,1000000,43,21,5,53,26,16,20,60,46,12,0,53,68,7,79,50,16,71,92,98,22,38,39,63,18,31,49,47,45,78,27,63,94,51,60,11,44,72,25,37,48,94,80,66,52,61,64,88,100,55,15,86,37,1000000,4
82,39,21,44,7,9,45,20,31,18,80,1000000,42,93,27,94,74,20,65,43,1000000,96,7,40,13,31,8,60,30,30,2,39,1000000,95,61,46,1000000,42,54,98,52,21,85,23,91,65,12,86,31,81,85,6,71,18,94,51,82,1000000,15,1000000,8,45,11,61,54,1000000,82,45,98,74,14,49,14,19,34,98,55,58,92,36,47,42,12,37,28,71,71,31,49,78,9,21,80,75,83,84,94,87,10,26,48,34,55,49,91,52,100,47,92,88,65,12,85,39,85,2,15,53,77,90,55,5,1,43,44,15,34,8,95,52,71,85,42,12,29,97,1000000,75,59,7,62,36,38,100,75,14,62,22,86,16,42,59,40,4,60,1000000,0,57,90,48,7,16,55,68,88,61,65,84,81,36,88,72,63,1,85,84,41,51,2,34,15,40,63,42,67,27,63,92,1000000,97,5,20,57,43,71,36,60,39,29,1000000
96,7,5,97,5,92,86,5,67,67,80,49,62,90,98,94,15,20,7,15,58,80,92,5,21,86,29,28,85,35,48,45,83,22,20,72,91,7,23,1000000,7,85,79,60,13,36,68,1000000,53,1000000,1000000,42,35,96,37,11,29,7,98,63,38,95,64,37,99,8,50,84,11,17,88,17,36,97,5,86,11,79,80,39,4,89,2,18,24,35,99,38,28,32,91,69,60,13,77,53,87,2,24,47,54,59,1000000,37,35,71,83,16,71,59,92,1000000,44,52,13,12,9,7,66,44,53,27,99,33,32,58,42,77,82,17,1000000,94,7,56,98,38,29,47,25,94,27,35,96,100,39,85,67,28,73,96,96,77,1000000,29,85,16,51,0,46,87,69,64,78,4,59,98,79,27,57,61,81,28,32,73,64,37,1000000,17,51,63,7,37,26,74,66,64,46,1000000,87,86,97,80,57,98,97,91,10,83,92,46
1000000,49,1,87,60,14,48,66,57,65,53,1000000,17,27,88,30,1000000,69,60,10,96,59,76,21,87,27,13,66,38,95,100,78,85,65,92,88,86,80,17,43,9,8,53,48,78,53,32,29,4,41,76,23,22,4,67,94,65,45,73,83,3,87,82,14,83,29,19,46,58,86,53,50,19,16,32,26,1000000,18,40,69,48,13,98,71,58,26,26,65,70,65,12,54,43,64,62,11,44,63,99,97,84,24,65,40,81,63,27,66,33,60,58,7,41,88,36,69,32,51,56,41,61,69,55,66,11,39,26,6,65,47,83,24,57,11,1000000,55,38,65,43,53,35,13,1000000,40,63,57,12,97,49,30,35,13,84,29,45,53,19,35,0,89,9,48,21,50,27,26,93,84,82,31,80,8,60,11,72,43,59,1,99,4,25,1000000,65,21,40,39,23,16,5,7,97,62,17,96,14,3,14,82,47,41
52,56,1000000,100,45,56,33,29,58,24,20,23,15,30,33,91,87,71,99,52,79,77,50,59,18,56,38,100,73,96,88,38,6,99,55,16,22,1,24,84,73,61,41,1000000,41,43,24,28,4,88,2,12,100,12,77,60,73,60,1000000,7,76,97,41,93,6,53,85,41,21,72,77,81,1000000,62,77,93,78,76,46,54,46,57,49,52,92,85,58,24,32,57,93,81,77,14,4,18,14,17,67,71,24,51,47,51,76,29,75,25,40,59,44,20,57,1000000,11,51,100,79,1000000,73,63,36,39,14,7,54,5,45,56,3,62,25,52,99,7,94,42,18,33,93,94,62,26,95,90,85,28,14,95,1000000,64,98,33,52,82,34,15,51,64,0,61,7,86,5,45,25,1000000,25,52,5,1,53,90,64,51,16,7,53,86,65,87,53,39,81,89,45,48,59,33,39,84,41,64,60,18,29,1000000,53,97,44
36,75,82,67,77,1000000,29,80,23,56,51,64,48,84,25,19,83,62,11,43,73,14,51,34,41,99,1000000,32,3,50,42,1000000,47,44,91,83,64,93,25,1,11,67,37,45,73,98,15,31,61,92,38,36,87,63,100,88,85,21,45,78,1000000,87,95,70,8,42,82,98,35,1000000,2,79,98,56,86,5,40,54,89,99,52,14,73,47,1000000,20,2,16,10,73,75,6,89,86,57,88,58,1000000,73,48,29,100,90,69,51,89,1000000,95,67,43,53,77,8,83,58,94,72,95,1000000,42,49,30,20,97,81,58,43,82,86,15,61,40,26,99,79,25,77,36,60,88,91,64,11,74,11,1000000,30,64,72,28,64,82,48,79,68,99,43,70,58,44,0,47,85,96,81,22,1000000,44,37,8,5,85,49,28,37,68,13,97,27,46,24,17,9,85,27,11,46,96,76,35,98,5,27,18,63,42,77,44,96,26
68,67,93,20,1000000,46,42,48,56,36,33,43,29,38,85,62,25,4,16,43,1000000,40,30,65,57,66,2,35,100,1,38,38,95,1000000,87,95,61,92,20,47,10,91,67,18,97,31,71,54,13,58,83,1000000,1000000,70,35,28,76,10,69,33,83,10,34,6,48,46,9,55,73,30,59,1000000,58,32,89,67,27,69,7,25,17,95,21,1000000,34,80,91,79,43,96,63,66,17,40,62,32,71,81,86,29,39,1,78,30,71,68,86,18,17,44,34,30,73,34,4,35,1000000,88,86,73,28,59,24,65,10,8,36,7,19,63,98,78,50,100,81,14,60,60,13,19,1000000,89,25,40,48,70,7,54,93,100,82,85,1000000,53,30,28,1000000,96,8,23,9,0,9,14,27,33,10,45,97,62,7,27,50,88,71,56,5,20,96,30,13,89,1000000,15,14,5,77,4,33,20,79,68,52,66,57,81,34,90,58,33
24,18,12,46,39,13,81,40,1000000,83,17,63,70,60,72,1000000,5,89,72,2,11,95,67,81,95,77,53,57,66,61,29,43,13,53,48,12,40,18,3,71,2,30,27,71,17,28,85,92,30,1000000,53,5,47,63,81,44,7,65,35,25,44,1000000,55,73,69,54,36,85,42,79,55,90,65,94,67,2,82,93,87,32,30,74,14,33,35,41,26,45,88,32,7,59,2,94,91,87,12,17,6,26,90,29,83,41,1000000,96,59,36,70,19,68,94,12,59,48,46,14,16,1000000,41,48,49,24,48,4,65,100,47,67,40,17,39,69,71,50,42,8,12,33,97,17,23,22,23,66,1,96,73,45,11,81,62,50,53,89,14,29,49,97,73,42,50,0,45,90,57,22,80,62,81,99,67,26,1000000,47,94,54,70,48,20,81,9,91,1000000,1000000,1000000,42,41,72,28,9,99,46,67,96,36,83,65,32,73
5,1000000,34,68,13,11,1000000,10,99,36,5,59,78,34,99,24,99,89,97,37,59,23,1000000,69,66,94,76,1000000,69,20,60,84,1000000,71,64,1000000,91,48,52,93,30,26,76,75,97,52,74,99,83,5,13,46,27,74,39,86,63,3,75,29,42,93,80,16,43,95,14,99,2,63,67,81,63,26,2,54,11,68,62,76,1,76,22,68,38,34,92,67,55,74,3,83,11,78,37,83,88,100,26,28,66,38,8,5,52,58,65,69,29,58,86,65,64,7,18,7,87,85,23,36,72,82,8,43,92,97,100,29,23,86,28,72,21,1000000,53,3,18,29,20,36,29,94,83,100,10,95,26,57,70,43,58,33,74,45,36,17,93,10,65,51,62,35,1000000,0,98,77,35,20,30,89,8,27,94,66,93,67,7,15,41,47,95,41,1000000,70,23,67,80,66,65,14,3,53,62,29,16,48,86,91,4,77
57,1000000,57,85,1000000,10,4,44,77,47,25,29,8,13,71,74,73,86,32,16,66,11,78,36,4,72,75,96,77,33,3,44,52,84,73,51,67,56,28,99,71,63,79,70,32,3,41,11,71,57,1000000,80,22,5,96,36,74,12,33,93,36,62,36,73,37,29,68,22,21,1,25,82,2,38,52,3,27,56,68,30,61,69,93,52,70,47,83,79,70,25,60,48,91,92,92,60,27,74,16,87,79,99,66,77,88,46,51,36,1000000,42,65,74,67,25,9,38,77,34,47,98,4,46,13,11,88,84,29,17,24,73,30,39,34,1,55,88,47,47,7,82,35,18,11,89,35,62,72,49,49,100,27,27,16,94,98,98,83,2,43,46,92,69,93,84,0,1000000,13,73,79,91,97,36,15,60,92,6,96,89,77,49,1000000,64,69,11,85,59,35,10,50,25,23,96,31,48,91,32,99,34,57,1000000
61,75,52,1000000,98,48,1,87,1000000,69,10,93,46,41,92,100,29,69,34,14,7,68,27,25,38,35,54,25,26,88,54,1,10,12,31,85,52,70,56,67,52,33,83,42,54,20,93,1000000,17,84,30,44,1000000,29,52,62,45,16,81,60,51,15,58,29,41,66,94,17,39,79,1000000,11,37,70,86,55,72,15,39,29,17,56,86,47,86,23,97,9,34,92,70,29,10,62,59,23,53,79,33,26,72,90,38,98,1000000,6,43,65,27,28,2,66,94,85,85,89,58,10,49,92,28,5,3,42,13,50,93,47,47,56,66,51,33,55,9,41,75,9,65,1000000,59,42,98,80,3,34,10,70,100,1000000,97,5,1000000,64,67,34,7,66,86,6,52,100,27,58,97,0,38,53,37,22,41,2,88,83,69,84,62,51,82,16,96,93,1000000,54,95,32,1000000,11,53,66,13,29,16,36,40,91,85,60,94,100
91,36,1000000,49,15,91,48,70,81,27,97,73,71,42,56,64,80,7,67,1000000,57,79,46,9,59,94,24,75,95,25,70,53,56,29,92,42,29,89,79,67,8,94,7,13,1,68,41,46,39,46,54,45,81,77,9,41,58,78,30,97,91,33,75,72,21,30,70,4,13,85,22,61,55,67,65,1000000,35,32,30,64,34,62,75,30,39,6,1000000,56,61,1000000,80,22,68,22,8,69,16,33,79,44,15,53,14,12,90,42,49,66,24,34,25,11,13,78,54,65,46,49,37,24,1,92,64,44,78,19,76,86,70,66,68,83,97,84,53,29,45,2,22,91,84,79,75,24,55,98,84,75,53,85,14,3,96,58,16,41,19,2,93,10,81,56,89,1000000,1000000,15,0,84,97,45,18,66,56,9,58,27,82,16,12,91,1000000,45,71,74,75,86,28,56,64,4,56,89,96,10,3,60,91,10,77,1000000
95,14,33,18,59,8,1000000,27,91,40,91,23,47,78,73,19,62,52,43,10,63,11,77,56,1000000,24,77,91,29,31,19,74,56,47,9,99,51,78,59,43,83,13,97,64,27,1000000,99,58,87,1000000,31,33,33,66,63,79,39,6,60,21,32,13,72,52,1,46,35,99,89,90,75,19,86,53,1000000,59,41,80,12,60,93,78,1000000,89,36,63,86,44,100,65,40,38,76,61,26,44,1,50,99,3,59,28,63,89,56,27,19,1000000,42,64,5,44,64,57,99,46,57,1,38,36,5,16,65,14,83,41,81,52,49,44,81,22,82,2,5,61,76,96,45,97,19,25,81,9,42,10,93,46,61,43,81,77,37,77,81,19,74,67,87,17,54,99,96,61,3,38,48,0,9,24,35,86,87,18,29,75,87,61,49,39,62,89,10,68,35,84,31,53,33,92,29,74,10,49,25,7,31,23,57,5
30,76,44,23,74,38,40,67,72,84,20,19,36,60,50,71,56,73,69,87,22,26,33,1000000,2,15,93,80,1000000,1000000,42,28,45,81,67,1000000,85,22,68,50,94,86,22,30,49,45,49,82,1000000,10,89,62,15,28,23,34,19,24,72,6,9,27,63,36,49,60,85,88,87,73,25,44,62,80,17,57,56,18,54,26,99,20,1,49,83,97,13,8,67,13,6,81,49,10,30,86,1000000,76,82,46,31,53,62,20,34,89,61,8,12,84,1000000,2,3,95,87,5,70,54,6,20,1000000,22,61,50,83,97,94,60,99,10,43,96,22,77,90,5,72,11,68,55,64,1000000,48,81,97,75,82,74,53,78,64,82,34,89,10,42,26,79,50,34,59,86,11,81,59,88,27,16,0,86,19,1,88,85,69,13,21,36,34,97,4,47,23,72,51,90,35,76,45,93,88,52,76,77,95,53,23,65,46,38
3,56,84,11,21,13,55,15,53,45,57,63,85,13,56,47,1000000,29,25,53,74,31,100,14,29,21,83,88,52,81,3,85,50,44,31,79,78,42,19,25,9,86,75,56,6,25,77,81,1000000,46,27,60,88,90,86,14,31,52,83,91,25,52,1000000,45,3,21,5,55,15,44,97,22,20,1000000,42,77,87,63,84,53,55,19,98,96,26,3,45,18,49,64,66,19,55,11,53,64,79,33,86,13,100,21,48,39,72,26,71,13,37,26,46,50,99,5,4,38,18,44,94,63,95,91,21,16,10,48,67,61,87,84,27,82,37,97,5,93,5,55,14,29,80,81,25,78,2,81,11,15,26,98,13,1000000,20,38,9,24,63,21,28,1000000,1,90,33,14,42,84,39,20,25,0,57,39,54,61,15,28,88,2,46,32,46,1000000,48,45,9,54,83,61,22,53,42,7,75,75,49,22,74,5,73,39
63,64,94,92,4,82,81,41,2,98,94,46,48,90,45,40,1000000,10,96,44,92,68,74,46,1000000,83,2,1000000,4,21,32,92,93,13,33,60,7,19,44,85,75,40,21,100,57,40,95,76,48,50,99,95,1000000,78,76,43,52,25,71,52,7,94,45,35,39,68,73,30,70,6,96,88,1000000,19,33,29,59,75,100,21,26,15,90,53,42,73,9,62,89,30,36,85,13,51,80,2,58,18,46,3,2,70,33,41,94,43,25,19,88,28,92,86,69,81,12,32,4,17,75,62,13,76,42,37,22,79,64,8,56,49,78,1,15,59,86,53,70,30,83,6,90,5,48,41,13,96,42,69,73,87,6,31,34,50,32,55,7,40,36,74,4,45,44,32,80,60,97,59,31,63,0,70,71,22,63,26,59,25,1000000,4,39,67,67,6,6,5,33,37,1000000,91,56,17,1000000,57,67,67,58,25,3,44
17,10,74,71,81,84,33,17,37,1000000,16,91,30,27,100,1000000,29,96,17,20,38,66,96,5,71,75,64,24,70,55,44,46,54,82,27,75,8,63,31,20,41,68,5,95,86,95,15,36,11,28,31,69,35,85,53,25,51,1,11,48,24,2,67,9,92,71,11,20,67,52,12,17,10,3,42,15,91,1000000,68,13,33,13,39,3,81,76,68,96,53,49,42,51,51,85,92,9,33,66,96,18,43,71,95,34,23,32,92,46,16,50,85,22,29,96,93,28,60,67,17,34,51,34,80,73,31,34,79,50,58,54,1000000,58,1000000,36,80,51,34,26,94,99,52,20,70,43,21,91,60,62,17,18,31,1000000,33,94,86,69,22,61,29,86,44,14,58,84,4,28,93,57,46,34,30,0,81,68,25,27,90,24,43,84,70,36,48,95,1000000,6,29,10,12,87,90,26,14,84,20,73,43,1000000,63,1
64,64,69,41,6,44,49,1000000,30,82,54,83,68,68,58,98,53,96,80,1000000,68,47,34,60,57,4,27,95,1000000,95,95,84,81,18,27,29,1000000,31,66,29,22,7,39,14,72,6,7,52,67,15,38,92,68,44,52,83,55,56,21,60,45,17,69,1,25,77,95,61,8,1000000,71,53,86,80,20,15,47,87,54,35,65,48,69,24,1000000,50,68,11,96,41,26,9,80,22,51,42,28,24,1,53,98,57,40,37,73,82,33,1000000,67,69,28,15,78,13,27,39,28,25,58,19,72,96,53,86,11,18,15,75,35,2,97,46,93,93,95,85,89,44,69,64,35,58,3,30,56,92,66,21,18,9,94,25,69,60,66,92,3,22,51,53,34,27,43,72,29,8,68,84,1000000,1000000,19,34,0,92,41,57,11,1000000,3,45,91,58,45,73,43,43,23,86,55,84,12,53,38,50,24,5,76,46,93,90
94,58,98,11,6,65,42,61,69,23,74,44,27,50,79,38,77,6,99,55,47,7,17,86,79,88,20,97,46,1000000,77,50,78,88,34,30,21,31,98,1000000,26,66,85,12,52,47,44,44,78,8,24,15,73,3,5,79,1000000,65,87,94,50,1,9,53,23,81,1000000,10,95,5,4,13,71,82,90,34,61,10,76,82,61,96,85,62,30,31,54,59,13,97,1,30,67,3,10,80,76,82,58,5,40,30,70,16,4,6,69,23,17,36,49,90,91,33,5,4,91,42,45,40,15,80,26,22,30,45,80,11,67,81,2,95,87,11,15,41,39,16,70,93,28,40,83,21,45,52,76,68,52,39,12,24,14,46,54,46,79,58,96,92,21,76,53,57,30,54,99,28,30,40,67,22,93,0,74,23,90,8,71,40,67,59,51,36,91,49,20,50,54,2,69,54,76,48,53,90,73,48,45,78
67,54,63,85,89,10,94,22,77,82,14,6,75,57,6,38,1000000,10,79,4,59,98,72,72,3,71,55,20,30,1000000,62,97,56,1000000,15,14,51,51,5,46,31,25,8,50,82,92,80,48,67,1000000,85,64,7,99,24,99,92,59,62,77,18,75,58,1000000,40,23,72,85,52,58,1000000,1000000,76,1000000,57,92,97,71,69,1000000,49,32,65,59,27,79,10,7,1,4,28,83,42,11,33,75,76,60,99,42,14,8,92,36,58,92,10,52,74,42,26,1000000,12,14,1000000,53,93,98,31,76,15,26,35,93,48,45,72,1000000,46,93,13,53,36,42,16,1,32,32,2,61,24,55,5,47,1000000,1000000,21,62,13,92,33,52,7,48,1000000,77,29,5,55,68,8,24,45,47,90,56,6,18,4,62,9,1000000,2,41,0,12,60,96,87,2,96,19,69,28,94,55,53,37,96,54,6,61,73,73,33,8,82,23,79,52
41,54,66,56,61,83,75,38,93,25,35,34,4,90,78,67,77,54,64,76,47,5,3,1000000,4,33,37,48,8,57,1000000,32,76,36,54,85,79,67,81,57,95,1000000,99,31,54,39,58,9,12,11,1000000,38,72,82,20,27,6,32,14,93,55,50,35,73,70,38,35,76,89,99,88,64,48,79,2,37,100,49,88,100,7,32,72,4,19,42,1000000,28,100,96,9,48,52,1000000,72,26,53,34,44,39,26,71,64,33,4,55,1000000,71,83,6,62,100,9,62,1000000,20,88,24,38,69,53,51,23,4,35,82,59,30,82,13,20,60,6,48,2,35,65,31,82,69,13,92,91,88,56,13,31,21,37,68,88,99,65,39,18,60,66,1000000,26,94,89,82,82,29,44,42,42,70,22,92,10,59,53,1000000,38,0,48,29,48,30,91,44,82,62,70,80,3,67,31,43,4,64,47,54,10,34,19,28,74,79
1000000,100,80,16,54,3,54,15,6,39,18,34,50,16,81,20,60,72,21,11,1000000,56,52,72,61,67,61,37,94,81,45,96,26,99,60,18,19,35,1000000,50,67,69,36,20,64,38,36,19,38,34,59,42,28,35,1000000,69,28,8,14,89,1,89,3,13,89,52,100,88,24,25,53,59,86,65,17,19,50,53,4,89,35,96,6,77,1000000,43,56,22,40,10,99,91,90,87,22,26,1000000,84,58,11,1000000,1,91,46,52,4,58,57,17,11,82,13,64,30,70,1000000,48,10,41,80,73,64,33,20,58,32,15,35,55,40,84,33,1000000,70,7,55,1000000,8,1,38,47,9,41,25,78,36,97,85,41,1000000,71,98,47,82,84,12,19,80,40,90,49,73,78,99,89,16,7,83,43,7,7,18,73,84,57,1000000,0,52,46,94,14,47,36,5,21,26,16,58,85,1000000,9,16,39,43,2,97,27,60,33,75
39,10,29,86,3,45,34,1000000,65,86,71,95,25,79,92,49,51,49,58,75,30,17,85,9,99,96,1000000,2,6,55,4,75,58,99,99,40,81,57,38,42,74,88,51,1000000,70,14,68,52,27,48,29,11,35,75,55,10,68,92,59,95,1000000,83,41,1000000,84,60,65,63,21,46,1,81,80,17,51,51,57,32,20,72,91,99,5,83,88,2,54,40,57,69,24,24,13,38,48,29,82,11,65,91,22,25,8,29,15,72,64,83,63,49,93,12,19,18,49,4,68,69,53,29,15,60,57,12,26,74,55,62,95,25,12,25,80,92,28,96,31,32,97,71,24,61,5,56,76,48,49,60,98,15,77,1,54,43,37,87,2,72,75,4,36,98,87,1000000,97,82,26,1000000,82,34,34,48,95,87,50,76,1,0,22,53,57,19,59,76,64,5,73,84,23,63,33,70,26,65,87,29,39,34,7,56
98,3,67,15,40,64,31,91,39,71,97,1000000,1000000,85,84,55,51,1000000,43,75,45,89,40,26,64,1000000,10,12,3,76,96,75,71,16,23,95,28,64,82,21,25,85,90,73,43,98,94,28,50,23,12,85,90,35,38,2,79,71,92,48,25,99,90,26,64,81,40,99,42,12,14,27,54,21,79,20,23,21,96,75,84,1000000,70,68,20,34,18,87,58,19,9,10,31,85,41,70,11,25,34,23,54,30,2,97,98,19,94,18,2,59,82,97,99,17,95,32,45,38,21,77,69,84,38,7,98,41,95,71,99,5,51,1000000,1000000,68,74,7,95,73,21,82,75,88,5,96,1,28,35,1000000,22,93,85,14,12,1,22,100,70,54,34,77,96,73,20,81,79,47,97,5,82,92,55,25,49,27,1,32,13,64,0,89,22,79,1000000,1,60,5,70,60,1,1000000,66,54,25,16,62,50,64,41,97,20
84,64,86,31,30,26,85,78,69,39,20,83,92,1000000,92,28,45,61,33,85,10,12,11,4,20,44,23,14,1000000,87,1,99,17,78,25,88,26,98,79,65,84,11,92,1000000,37,46,24,38,61,1000000,94,7,69,84,93,19,91,13,77,67,53,42,22,22,33,79,90,60,80,38,23,52,75,45,94,98,13,74,82,100,40,7,42,67,22,96,91,94,46,26,91,1,79,13,27,84,30,51,21,59,40,74,99,25,49,6,99,37,58,93,18,80,24,70,7,100,83,13,55,30,15,25,89,49,28,91,71,1,20,51,52,100,90,94,15,32,11,64,78,57,5,92,92,12,88,67,40,4,17,19,51,3,84,22,82,7,66,63,45,34,34,28,15,1000000,4,41,49,46,10,34,83,62,95,42,27,76,3,9,66,0,98,76,15,84,56,28,30,22,1000000,85,98,52,79,67,1000000,10,13,40,46,71
4,34,1000000,61,69,1000000,67,72,9,96,1000000,74,76,26,57,2,5,90,40,21,81,10,26,84,98,78,37,87,27,43,48,8,35,38,61,31,34,1000000,45,67,37,75,70,61,52,27,7,44,88,18,47,24,5,1000000,59,78,67,67,31,1000000,92,80,18,22,96,67,65,96,90,1,22,17,71,89,1000000,1000000,13,12,14,63,69,32,99,91,35,29,92,30,38,20,56,44,50,18,3,64,81,93,44,86,100,26,41,95,96,22,29,15,1,17,75,23,25,52,6,23,41,33,66,84,81,65,29,1000000,94,79,61,49,5,84,34,60,28,5,97,30,1000000,39,98,2,58,85,55,70,30,94,44,1000000,4,70,3,81,76,87,22,61,45,75,82,48,70,42,21,44,82,52,35,75,77,62,34,96,75,70,29,97,55,90,26,58,0,19,83,71,28,66,1000000,64,40,50,77,90,67,57,24,34,14,41,49,60
19,9,45,33,60,81,54,39,63,7,9,92,37,60,66,31,24,15,41,87,1000000,64,43,6,63,8,22,42,1,5,62,89,8,85,55,53,1000000,99,12,3,34,51,23,61,74,25,64,40,22,68,30,5,12,94,14,72,56,71,69,72,52,26,17,1000000,54,1,7,45,6,88,87,27,9,96,12,20,41,55,96,56,9,47,95,77,40,70,25,9,77,28,23,44,1000000,1000000,8,67,50,2,47,16,1000000,1000000,7,76,100,45,72,81,2,8,28,70,13,80,70,97,80,10,1000000,73,37,15,42,59,96,58,73,93,26,11,73,28,55,41,1000000,24,54,38,27,20,28,1000000,50,25,16,11,98,23,50,52,83,66,65,24,58,67,14,34,69,38,24,61,10,2,1000000,85,15,4,86,13,30,8,38,76,37,81,1000000,48,70,85,7,0,14,55,51,59,55,88,36,80,28,94,22,67,26,40,70,52,4,51
82,6,70,68,45,61,29,77,11,55,92,1000000,10,85,99,40,70,2,35,19,1000000,71,92,60,89,80,12,86,26,46,64,1000000,77,34,21,91,97,11,24,17,33,27,4,94,70,49,29,56,93,92,6,9,77,36,4,98,92,8,43,13,47,17,34,1000000,85,36,44,73,32,88,8,85,1,39,66,64,88,99,32,23,47,49,30,34,22,55,45,18,14,3,78,1000000,30,17,45,92,30,3,25,26,5,77,6,44,69,87,62,57,57,75,79,100,23,100,21,79,82,44,47,13,36,89,76,12,64,33,38,40,72,34,8,87,55,18,81,72,72,66,100,40,70,71,40,49,32,68,31,17,1000000,28,26,1000000,74,41,77,1000000,31,3,29,44,12,69,29,36,47,67,89,51,67,97,83,44,86,62,44,88,20,58,89,61,84,25,0,1000000,89,77,94,96,1000000,77,67,82,11,78,83,29,95,2,1000000,22
39,95,1000000,11,87,36,29,76,66,76,36,35,100,100,27,15,1000000,19,58,10,67,1000000,87,49,6,29,74,88,86,20,42,16,80,98,95,1000000,59,42,4,95,97,45,22,16,97,84,50,86,64,29,57,76,56,14,1,82,23,67,86,3,14,80,80,39,13,60,43,67,94,1000000,92,77,74,60,80,88,13,35,97,36,28,87,58,62,83,83,18,9,43,12,29,52,60,54,56,37,77,92,53,23,49,7,14,15,63,90,31,31,94,45,61,75,21,1000000,14,3,74,89,39,41,98,99,1000000,5,46,93,82,47,79,61,94,45,1000000,65,29,32,34,49,54,32,85,51,61,19,37,49,42,55,36,34,49,21,34,3,48,84,24,45,99,80,100,88,24,52,85,44,5,87,29,77,70,77,84,54,50,71,5,81,89,20,86,13,12,0,30,32,93,95,70,73,65,81,10,22,20,65,50,77,28,30
14,25,88,59,68,72,24,20,13,92,51,74,19,53,23,34,83,30,60,7,99,80,61,79,14,10,55,60,6,52,57,1,36,70,55,26,87,28,93,38,63,98,1000000,68,96,61,42,43,77,18,38,86,95,2,53,82,48,63,37,79,6,84,65,42,84,46,29,39,14,1000000,16,31,30,36,70,34,34,90,1000000,33,40,29,20,87,27,39,68,64,23,91,13,22,95,99,32,14,1000000,43,28,9,18,82,91,44,19,89,46,86,56,58,6,95,91,91,20,89,13,71,1,1000000,56,90,38,81,84,39,51,14,9,94,68,71,65,1000000,24,5,5,77,69,53,81,95,13,42,3,5,55,13,48,84,25,100,62,73,92,71,67,50,40,80,47,22,90,56,51,33,47,7,49,1000000,94,54,40,38,49,46,57,3,23,34,51,47,86,53,0,95,61,26,9,1000000,25,81,96,25,14,62,16,88,23,77
86,46,91,57,52,13,1000000,99,1000000,91,50,25,15,47,90,46,86,3,12,99,30,14,44,2,17,25,21,33,26,86,42,50,63,10,9,81,61,88,25,9,28,89,41,78,1000000,1000000,98,3,94,84,5,17,7,29,74,56,2,94,34,82,22,37,46,50,85,96,74,39,85,94,45,91,45,47,46,79,22,51,25,42,96,63,76,50,1000000,40,67,8,85,87,49,46,42,17,6,94,85,95,29,93,9,23,82,80,56,30,94,64,60,72,46,5,1,28,88,6,21,88,20,44,17,20,96,92,94,21,24,2,52,92,77,1000000,11,38,94,4,1000000,6,74,23,18,79,45,16,1000000,26,55,50,16,92,2,40,17,42,35,97,22,92,29,16,66,17,100,38,20,61,7,51,1,16,71,2,88,20,14,36,97,34,6,32,1000000,73,6,32,100,0,42,55,33,82,66,23,80,37,69,2,68,75,85,74
81,95,94,43,9,17,1000000,20,41,66,61,79,3,79,74,18,33,21,10,47,10,50,9,15,98,87,66,2,62,39,36,50,1000000,38,57,62,85,86,14,10,52,63,41,9,65,27,84,92,23,3,32,28,32,55,15,44,50,12,20,72,23,51,76,1,49,55,51,19,25,95,41,97,29,10,27,84,51,98,1000000,80,63,40,42,22,18,4,1000000,44,1,99,3,9,20,97,19,25,67,50,28,94,87,66,65,5,90,76,42,84,40,83,58,82,67,90,89,54,45,32,36,32,2,1000000,42,91,6,34,34,37,82,61,89,1,92,38,69,6,21,89,1000000,65,34,1000000,96,49,100,14,82,56,96,44,70,41,59,43,2,87,25,70,1000000,13,61,95,29,53,49,90,89,69,62,42,36,1000000,67,23,87,29,25,1000000,60,44,33,40,31,62,72,82,0,1000000,61,3,50,31,46,53,24,75,3,18,62,15
65,27,17,72,90,86,85,82,48,51,47,25,5,16,56,32,99,90,81,30,49,25,53,94,14,100,78,68,94,33,66,20,89,82,56,3,67,25,46,32,2,92,36,8,49,10,20,71,50,62,100,90,64,25,82,55,50,13,54,79,42,46,64,80,96,59,86,4,28,46,1,72,67,73,62,54,69,99,96,88,91,89,38,39,40,51,48,4,35,32,20,33,24,91,59,38,14,1000000,21,33,50,49,35,60,100,62,53,64,16,21,82,9,98,23,63,56,73,76,51,25,79,51,37,88,12,16,58,55,100,66,75,10,29,11,45,1000000,94,2,1,82,30,25,83,13,95,22,34,100,54,94,38,47,26,1000000,85,40,34,90,16,60,83,69,9,13,6,57,2,83,87,17,12,57,21,7,74,65,14,65,24,69,1000000,28,22,37,80,57,38,0,86,66,63,1000000,48,84,6,4,100,55,93,77
72,51,33,9,26,84,20,75,64,20,85,1000000,19,1000000,59,31,77,73,95,1000000,21,90,8,58,25,91,6,47,46,100,15,17,89,68,12,14,41,14,38,91,44,7,79,3,18,39,79,1000000,54,80,93,6,40,71,1000000,79,1000000,2,1000000,1000000,89,42,100,99,48,70,57,38,43,7,1000000,99,11,1000000,96,73,1000000,80,3,46,20,5,1000000,68,76,86,100,58,32,56,28,74,1000000,74,73,66,32,81,8,3,33,49,46,44,50,16,66,8,3,97,42,22,7,42,68,75,60,96,83,36,84,15,22,97,60,87,87,49,95,73,19,65,18,72,75,27,1000000,48,86,67,65,37,18,97,78,36,26,87,85,18,88,17,100,1000000,68,1000000,67,26,8,67,83,55,30,1000000,1000000,84,9,80,27,62,32,26,55,6,1000000,88,39,89,96,8,15,1000000,36,87,50,35,99,28,0,50,82,15,23,77,23,61,56,82,95,30
69,27,31,87,54,38,98,33,80,25,31,63,71,20,15,4,3,19,27,14,58,77,1000000,54,68,80,83,2,71,6,65,10,90,52,79,1,94,51,45,32,80,5,44,79,60,41,76,1000000,76,39,53,70,86,86,90,86,90,40,99,44,80,46,39,5,1000000,91,55,96,28,46,53,44,49,14,76,83,52,41,7,90,1000000,95,1000000,15,1000000,1000000,29,60,44,97,9,52,17,67,38,3,70,28,64,85,70,91,96,51,100,89,53,34,4,78,56,34,15,62,81,95,48,1000000,78,75,64,59,32,32,44,50,75,1000000,30,67,29,89,9,48,86,79,55,54,75,44,87,72,54,72,1000000,82,17,43,8,17,20,99,73,88,35,73,86,61,59,53,8,81,1000000,93,90,1,13,50,2,69,83,10,28,23,88,71,24,33,62,21,94,58,100,99,5,100,55,33,84,0,93,97,9,59,59,77,40,91,92,52
82,70,1000000,86,36,90,1000000,48,84,5,36,87,68,35,30,7,72,79,47,42,88,38,19,36,91,69,48,14,69,25,27,26,91,32,43,52,9,71,51,15,79,24,86,73,97,89,97,64,53,67,39,5,46,70,1,1000000,64,43,78,81,72,38,70,95,30,9,88,1000000,23,19,59,53,15,15,68,57,81,98,97,82,11,1000000,10,4,24,47,56,25,26,5,72,24,64,6,71,1000000,19,16,59,66,10,22,5,6,85,53,13,50,83,33,92,43,68,66,70,22,1000000,15,64,64,4,52,95,89,81,95,12,34,36,88,70,82,100,74,69,1000000,15,77,23,39,17,32,88,13,84,85,12,21,28,18,56,71,5,19,77,49,70,62,4,60,24,32,43,41,41,52,50,20,26,64,76,85,62,64,51,30,41,52,2,96,72,49,18,14,27,75,1000000,10,23,92,0,1000000,82,36,38,13,54,32,43,84
3,24,70,4,35,92,35,53,24,27,66,27,35,62,74,5,79,94,27,96,71,34,30,7,46,33,77,62,61,8,34,23,76,70,81,80,46,48,33,35,33,50,35,27,78,54,1000000,71,60,37,35,1,85,70,5,71,42,56,68,1,1000000,65,2,69,8,8,13,69,43,27,14,11,56,8,59,5,83,2,29,77,53,57,71,22,44,82,12,23,1000000,3,94,24,66,3,13,23,89,48,33,95,70,80,38,68,1000000,80,80,84,7,43,31,35,45,98,11,35,4,68,17,17,35,3,14,61,70,82,27,30,17,8,8,5,72,47,14,17,82,59,23,39,47,8,9,92,44,21,64,10,40,90,1,86,46,39,54,26,4,57,27,41,78,33,1000000,1000000,58,72,71,28,93,49,95,83,90,62,6,90,41,24,17,1000000,38,61,55,37,52,11,4,47,76,52,79,0,9,95,85,53,25,34,33,26
14,86,11,22,23,3,22,73,82,39,43,1000000,24,80,77,30,64,64,6,65,75,51,88,81,1000000,98,4,37,40,33,3,1000000,36,73,96,72,39,11,14,45,1000000,48,97,60,28,81,1,52,3,56,89,91,44,96,22,98,19,78,1000000,92,39,9,39,97,89,63,10,52,47,22,22,98,55,64,58,94,99,38,46,74,84,76,32,49,24,1,8,95,18,99,66,99,83,41,80,88,11,72,31,87,52,46,89,96,23,43,70,79,1000000,87,56,6,98,89,30,63,20,2,68,35,6,20,27,76,71,34,40,25,83,2,15,86,46,41,68,68,43,86,1000000,35,1000000,6,16,41,36,33,10,22,51,98,67,83,60,58,32,92,19,9,67,61,26,23,70,43,18,1000000,89,9,1000000,20,3,18,83,36,91,51,58,79,100,65,17,49,24,80,78,39,38,32,7,89,75,30,0,14,90,62,11,1000000,55,70
57,78,1000000,98,18,97,2,31,3,1000000,70,80,35,56,95,53,6,5,43,56,51,51,66,66,34,73,26,7,77,29,47,1000000,21,90,54,2,35,7,18,39,55,16,91,80,30,10,43,1000000,10,97,16,82,44,46,82,44,48,76,24,1000000,22,1000000,28,52,44,20,100,34,1,12,24,57,9,94,93,7,97,31,14,20,96,39,45,4,39,50,68,13,83,56,97,11,76,98,28,6,88,96,51,10,88,23,61,62,1,71,71,51,55,70,6,38,23,30,15,87,98,1000000,58,24,26,1000000,61,74,90,58,83,52,78,1000000,22,81,49,64,70,67,75,30,80,65,47,69,89,76,45,86,79,80,43,80,69,84,30,16,13,45,85,3,36,71,40,47,41,2,62,83,81,59,58,34,100,93,62,91,30,99,28,16,55,88,26,5,6,23,1000000,90,94,76,98,2,86,31,78,0,19,29,29,65,25,94
79,82,51,89,42,13,92,54,19,47,70,22,30,13,22,18,53,45,49,66,50,1000000,48,62,60,100,24,2,45,72,69,43,30,86,79,42,79,89,40,35,75,61,36,34,15,41,48,1,44,98,70,86,6,48,69,39,65,17,38,74,97,85,17,24,6,1000000,78,22,72,11,78,93,84,79,40,36,1000000,100,81,2,46,21,7,89,1000000,59,34,37,96,64,82,85,74,8,91,65,54,54,95,1000000,67,70,10,27,31,85,71,72,84,100,2,7,14,52,52,70,6,43,51,68,16,86,23,7,70,1000000,72,89,35,60,67,1000000,49,44,33,34,67,67,99,57,8,21,3,57,60,59,79,91,63,7,99,1000000,88,35,57,2,71,1000000,86,72,40,42,93,40,44,45,51,63,20,62,42,87,56,31,79,42,16,9,67,73,9,56,54,43,43,1000000,57,34,17,4,65,5,7,82,0,55,73,65,81,1000000
32,39,98,46,36,6,93,45,87,90,72,64,84,14,50,42,34,96,6,99,8,56,88,57,58,80,7,15,1,39,47,95,97,42,57,92,44,87,84,79,27,27,32,55,36,35,21,30,99,94,90,52,11,16,96,26,43,88,26,70,96,24,1000000,26,58,31,43,28,9,91,90,56,3,70,90,77,96,15,96,32,23,52,62,4,4,15,84,8,93,44,87,53,72,1000000,1000000,30,12,60,67,95,89,51,53,44,1000000,5,4,25,38,87,75,12,32,72,20,24,51,66,95,75,69,65,69,96,59,51,87,61,57,86,18,34,80,52,100,64,68,51,34,58,75,47,47,94,7,13,47,52,8,1000000,16,80,32,84,27,79,33,63,1,86,79,50,46,43,47,60,3,49,70,48,85,21,42,42,74,60,26,85,97,49,3,58,18,2,66,36,94,50,41,95,91,14,1000000,30,11,0,14,26,97,78
83,24,32,23,71,12,39,50,14,43,53,50,22,9,66,29,37,71,16,46,2,60,63,7,82,1000000,98,57,1000000,15,94,20,8,92,83,25,18,5,81,94,28,72,9,32,4,36,29,97,50,1000000,46,76,58,81,3,17,94,74,1000000,86,66,43,54,62,50,58,72,72,12,84,98,93,60,1000000,32,1000000,1000000,35,9,42,71,71,69,30,70,27,28,100,39,2,34,73,1000000,44,58,34,6,31,61,28,90,49,2,18,72,23,14,4,2,49,65,82,42,9,76,47,87,85,59,93,1000000,38,21,11,41,11,75,20,7,11,22,47,46,28,55,86,29,25,5,37,55,46,81,16,9,5,76,10,20,19,66,99,5,29,5,44,47,98,14,54,61,80,13,74,71,57,17,11,4,92,6,24,36,67,33,1000000,24,79,58,10,72,51,47,1000000,52,21,100,12,88,96,30,56,93,9,50,72,0,75,45,62
63,38,41,70,43,1000000,9,53,43,93,28,73,77,1000000,11,40,79,67,82,70,78,64,62,4,85,42,22,95,84,3,1,63,8,14,5,64,3,48,29,28,87,76,43,63,95,18,47,89,8,57,12,71,78,12,62,69,44,46,86,78,95,59,30,37,22,26,32,6,58,18,81,97,54,6,92,3,70,66,76,33,44,1000000,89,60,24,96,12,19,11,34,68,75,11,21,55,64,81,43,62,46,4,85,2,64,79,54,24,67,50,70,64,52,53,33,8,6,95,54,38,27,15,76,81,19,66,17,69,30,56,56,27,29,98,29,78,48,8,100,72,79,3,93,86,1000000,57,22,46,5,3,15,41,83,56,18,71,95,99,85,4,91,29,63,91,81,14,68,53,1000000,83,49,1000000,1000000,76,90,71,19,12,67,81,1000000,82,83,1000000,40,48,94,87,33,75,95,83,4,45,13,30,26,57,0,71,29
92,83,99,72,83,28,21,51,35,77,34,23,91,14,6,82,5,86,68,94,11,17,66,13,69,76,39,38,93,25,41,92,2,99,62,25,6,28,84,28,1000000,49,52,50,61,56,63,76,85,52,15,12,10,24,38,54,21,57,25,66,97,74,48,92,34,75,59,46,99,53,70,39,68,96,92,63,43,1,90,57,78,52,85,87,79,22,31,53,35,23,83,58,9,1,27,23,79,91,41,67,80,72,29,43,20,83,23,84,14,92,50,33,70,72,67,77,17,33,86,88,19,21,4,30,52,85,44,1,87,11,20,86,12,1000000,11,8,92,49,28,66,92,91,93,7,36,32,62,17,19,43,97,39,46,42,16,65,89,47,6,42,55,32,38,53,80,12,50,11,24,48,5,80,47,1000000,5,1000000,42,96,90,81,60,46,6,6,20,38,5,89,43,100,53,43,84,14,80,89,48,26,0,77
24,82,9,26,88,100,94,53,49,85,70,12,64,66,61,10,45,37,56,1,76,8,23,97,61,5,77,40,42,22,67,74,49,14,1000000,44,28,39,48,73,69,48,82,98,93,16,75,99,19,25,13,75,54,65,32,96,95,43,39,34,1000000,83,58,74,44,23,98,83,47,94,25,92,12,73,1000000,34,48,95,11,2,1,80,80,50,64,27,9,70,38,92,76,77,96,91,68,85,23,39,84,44,87,48,31,1000000,69,95,55,78,58,4,15,17,4,40,87,92,18,1000000,80,71,32,38,1000000,98,23,42,15,1000000,41,89,1000000,47,78,30,70,57,13,83,31,20,39,20,7,86,21,54,89,63,62,74,1000000,49,15,71,94,86,34,3,4,91,83,5,23,22,47,30,77,3,69,16,76,49,41,14,23,24,87,7,56,3,40,41,6,40,1000000,100,39,28,19,35,81,62,1000000,88,31,70,95,95,95,0
